"";"logFC";"AveExpr";"t";"P.Value";"adj.P.Val";"B"
"10470175";5,7074163621923;7,36410713413537;33,6741217306259;1,19481652783426e-10;6,63680115074261e-07;14,4533744368852
"10351443";5,77982467029576;9,60024622268186;32,830206565967;1,49326159314717e-10;6,63680115074261e-07;14,2928806569016
"10403796";5,65419808129966;8,31661973892181;30,9631688945835;2,49679259410327e-10;6,78342905952098e-07;13,9121895372637
"10522388";5,53131791825052;8,43170670610143;29,7723357863627;3,52207932164882e-10;6,78342905952098e-07;13,6493000422022
"10469358";-5,37121010565815;7,74774275246231;-29,5017644090568;3,81563115059117e-10;6,78342905952098e-07;13,5872221121894
"10531869";5,75197557937797;8,78504932702866;28,4970669410632;5,16967128796403e-10;6,99948014370999e-07;13,3486708545118
"10400926";5,28127720769015;9,12688556655158;28,2473608251108;5,58408287911263e-10;6,99948014370999e-07;13,287345586433
"10499189";-4,97324550147935;7,91668063869214;-27,8612517556056;6,29955284702412e-10;6,99948014370999e-07;13,1908634713582
"10474524";-4,38129973108112;6,24078023717365;-27,440322206075;7,19789312785302e-10;6,99948014370999e-07;13,0833286032737
"10455942";5,00894252486602;7,93734767322478;26,6954372511455;9,15845203675949e-10;6,99948014370999e-07;12,886794482569
"10482772";4,71424942832294;10,3274566841295;26,6745827493608;9,22129551256933e-10;6,99948014370999e-07;12,8811741012809
"10464370";5,2439306399871;8,40464488084013;26,6002636463752;9,4491800792575e-10;6,99948014370999e-07;12,8610914246325
"10382341";4,76224664399545;8,90092749608024;25,2626122626315;1,4836639199403e-09;9,38532571465948e-07;12,4848696435692
"10362372";4,51831161875096;7,64924398384523;25,1782748718761;1,52765926378071e-09;9,38532571465948e-07;12,4601767999538
"10345791";-4,24641516506251;8,08063531531962;-24,9482309602109;1,65521726836875e-09;9,38532571465948e-07;12,3922120088422
"10497713";4,66592009360928;8,44015956306173;24,8900285987186;1,68933751191981e-09;9,38532571465948e-07;12,3748734549626
"10517513";-4,24650480633365;7,90145012128266;-24,4628279158858;1,96509340367057e-09;1,02751266266045e-06;12,2458086288595
"10466200";-5,23115590750575;7,83898265324474;-23,9419475012899;2,37124920037816e-09;1,17100189678675e-06;12,0840392325013
"10469816";-4,19348904557437;8,74058362433051;-23,6413874011867;2,647573209837e-09;1,23864622432848e-06;11,9884212599667
"10540401";5,92746621533165;8,76188071376195;23,2762610581128;3,03252452217998e-09;1,28379777889063e-06;11,8699539781169
"10477986";4,37136951590366;10,4194868654817;23,2759003423508;3,03293434094986e-09;1,28379777889063e-06;11,8698356674027
"10386211";4,19200484077176;7,71904509117008;23,0536970715911;3,29748981792775e-09;1,33233577234363e-06;11,7964698769154
"10560919";5,08134784819143;9,02485430237306;22,6285190465815;3,87826995811801e-09;1,4631404754738e-06;11,6533366563613
"10585484";4,15947657138983;7,35673793369559;22,5806864352782;3,95042990340547e-09;1,4631404754738e-06;11,63700378252
"10363082";-3,96086343742551;7,76193692837063;-21,6524512232777;5,69317976322747e-09;2,02426699661316e-06;11,3104631358156
"10569370";5,92471584243012;8,96414503994855;21,3010725144418;6,56381678717653e-09;2,18494870278913e-06;11,1819164396584
"10563597";3,45161149442536;11,2652164058833;21,1684004080259;6,93022829464199e-09;2,18494870278913e-06;11,1326468672992
"10446965";-3,58754188653485;6,95461918262285;-21,1425264068875;7,00430338066191e-09;2,18494870278913e-06;11,1229906747826
"10476633";4,91102252051306;8,84636010309269;21,0998860949623;7,12830603902404e-09;2,18494870278913e-06;11,1070432378544
"10547657";-5,01048925397649;8,95791199698526;-20,739071180285;8,28091443100949e-09;2,45363494590811e-06;10,970381158382
"10513467";7,11895464478958;7,53720570717439;20,638980998619;8,63631018317159e-09;2,47639229736168e-06;10,9319187556316
"10606835";5,32944055424503;8,94956226565651;20,2952984536242;9,99191690245713e-09;2,74413004392408e-06;10,7979801133637
"10573979";3,59597742854299;9,91300764843511;20,1942546714745;1,04342584249293e-08;2,74413004392408e-06;10,7580421195227
"10602896";-3,77562265098207;8,22448493451092;-20,1804935254767;1,04961662159319e-08;2,74413004392408e-06;10,7525830257803
"10606868";6,25711538856722;7,82975845226098;19,9770021048159;1,14609068297156e-08;2,91074288026693e-06;10,6712939718981
"10505489";-3,40796136580029;8,34918927100599;-19,8345444453494;1,21948479728088e-08;2,94154491497089e-06;10,6137514367545
"10356177";3,77979113141046;9,50975422643966;19,8253412836316;1,22440276582206e-08;2,94154491497089e-06;10,6100158603871
"10377938";4,12002429887169;10,1724928576803;19,7540979473609;1,26322762379259e-08;2,9549553547085e-06;10,5810229858823
"10431625";4,48212822424665;7,86184417215387;19,6418337495737;1,32721278256264e-08;3,02502421133316e-06;10,5350649063061
"10517517";-3,24292585982331;7,86401853844023;-19,537353353816;1,39000903430469e-08;3,08894757648361e-06;10,4919922263685
"10513455";7,34717144955287;7,63797989006748;19,3696500388788;1,49782103588768e-08;3,19971113613325e-06;10,4222414893415
"10558400";3,53857500124706;6,96916916142501;19,316422216481;1,53395696321678e-08;3,19971113613325e-06;10,3999433432522
"10412066";4,93779256406484;7,12849128930773;19,2439825809267;1,58470078921909e-08;3,19971113613325e-06;10,3694722130518
"10408359";4,1799200252673;7,66569446270871;19,2293671773866;1,59516327887295e-08;3,19971113613325e-06;10,3633068482304
"10513420";7,41520683974906;7,70162801917401;19,1668296718957;1,64080567902006e-08;3,19971113613325e-06;10,3368592807737
"10494271";-4,27516000136437;8,93621085634069;-19,1466658445204;1,65582981507627e-08;3,19971113613325e-06;10,3283087177266
"10450325";3,76990892051636;9,49513780701287;18,8187936755211;1,9228672590331e-08;3,57036690592598e-06;10,1876697489034
"10465820";5,05896886151448;8,76816341858712;18,8100650175868;1,93060185971443e-08;3,57036690592598e-06;10,1838838985326
"10593756";4,77738847976305;7,86380149933964;18,7682467288561;1,96814015513976e-08;3,57036690592598e-06;10,1657158121424
"10584024";3,95227080091397;8,89299597746938;18,6457395713887;2,08285620332748e-08;3,7029017582756e-06;10,1122012330618
"10409876";-4,46621318158762;7,20109564774113;-18,5040205100194;2,22491910630373e-08;3,87790312469291e-06;10,0497478937414
"10601903";3,3897717132167;8,22525775521669;18,4307695567507;2,30254138758188e-08;3,93601738350295e-06;10,0172351034332
"10426425";3,43486877747325;7,2429859039253;18,3737092938068;2,36509172359957e-08;3,96666043982578e-06;9,99179800765406
"10351679";-3,43450142593815;6,54304394964272;-18,1909285023592;2,57851408268983e-08;4,07887323487427e-06;9,90965677155637
"10553430";3,89288179587772;8,01121190381428;18,1852146379836;2,58552202384036e-08;4,07887323487427e-06;9,90707266333115
"10597323";3,22169430548024;7,37712494292884;18,0163476257366;2,80249381254017e-08;4,295063362012e-06;9,83025052827163
"10536334";4,08663579218897;7,56406047825028;17,7948197867911;3,11839496995334e-08;4,69820557422292e-06;9,72812956416954
"10363070";-4,12025231946149;7,60025856351181;-17,6460361597269;3,35269980516829e-08;4,96702476135682e-06;9,65867250506384
"10483228";4,13112798641081;6,90306518841011;17,5590948869348;3,49862317948044e-08;5,04183479280804e-06;9,61775696306167
"10532180";3,35915033029527;8,46169357036785;17,5345413927155;3,54110089263738e-08;5,04183479280804e-06;9,6061575527352
"10540085";-3,35914971450251;9,37663585068375;-17,5161144370228;3,57335574245592e-08;5,04183479280804e-06;9,59743954447188
"10452316";3,58403476507831;10,5337100646603;17,1833554625726;4,21573647841578e-08;5,7127181377241e-06;9,43808609480735
"10513437";7,09278830951388;7,60661374016535;17,1783235722255;4,22638675582987e-08;5,7127181377241e-06;9,43564811693252
"10510260";3,70978222464385;8,895832296846;17,1711413058081;4,24164019675769e-08;5,7127181377241e-06;9,43216679392768
"10548940";3,58564835725792;8,04475942571575;17,0698864047527;4,46331420912037e-08;5,88973966446175e-06;9,38290194456297
"10416175";3,70987410550942;7,84088071353772;17,0512082436691;4,5055945233817e-08;5,88973966446175e-06;9,37377621160123
"10461878";3,33128653070642;9,80251130579513;17,0088764902;4,60307283119686e-08;5,92995860818969e-06;9,35304980208759
"10417628";4,98050090964185;7,26493044675147;16,8525484648913;4,98387371336834e-08;6,26119733226819e-06;9,27597499176779
"10460947";4,00124634693218;8,15805526586173;16,8335966992853;5,03236779932438e-08;6,26119733226819e-06;9,26657364252002
"10427744";-3,1454577626397;9,01092832140005;-16,8176526145583;5,07357157341184e-08;6,26119733226819e-06;9,25865460965722
"10588592";3,9504738310965;8,22507358182011;16,7134809522922;5,35217405530686e-08;6,36390085652889e-06;9,20669603706724
"10476628";4,31292376702807;10,1877882547641;16,7034968405194;5,37975541330335e-08;6,36390085652889e-06;9,20169613340267
"10410995";4,01804743256472;7,27833655991237;16,6815047520328;5,44106721899197e-08;6,36390085652889e-06;9,19067037746192
"10476512";5,25814286806176;8,72199890152749;16,6421021161178;5,5528668288503e-08;6,41031600540913e-06;9,17087297737188
"10421100";4,17252512321469;8,5167472325492;16,6019053864206;5,66955284177061e-08;6,46110964237166e-06;9,15061972230217
"10555389";3,03467735331659;9,62474807775996;16,5758530344887;5,74663182240921e-08;6,46605193283487e-06;9,13746236923246
"10501754";3,65922843035077;8,06661643944836;16,4343127022279;6,1862549772011e-08;6,78798543720929e-06;9,06555331316703
"10385391";3,63751004591442;8,57072393156928;16,4111050719858;6,26183829284691e-08;6,78798543720929e-06;9,05369360687616
"10466210";-3,29070037108158;7,11246369615847;-16,2033916233219;6,98587699098918e-08;7,32869096041392e-06;8,94666774014944
"10542164";-3,05573238537226;6,72529674614522;-16,0945648839085;7,40196168203168e-08;7,6507020222767e-06;8,88995523590722
"10530499";3,31398460412062;7,94986465677745;16,0068910481224;7,75720742065907e-08;7,83566099570891e-06;8,84394206475427
"10565152";4,08990192394165;7,91241453292294;15,9383413655071;8,04815455350663e-08;7,96032812354677e-06;8,8077623717208
"10469672";5,15261252242856;8,32268699373556;15,9356708706873;8,05973147844763e-08;7,96032812354677e-06;8,80634928585412
"10495675";-3,11257275477501;8,2993282477867;-15,8578004224925;8,40557037757074e-08;8,2106719874974e-06;8,76502395483154
"10492689";-3,19482277233123;8,75911602493921;-15,798764664533;8,67873809797161e-08;8,38535901661627e-06;8,73353817268748
"10523134";-3,73676336304545;7,08526215464736;-15,7390849755228;8,96493291599564e-08;8,40025376568077e-06;8,70157133995367
"10474700";-3,17869315166709;11,1881167223855;-15,714175646417;9,08747012406503e-08;8,40025376568077e-06;8,68818776572488
"10506274";3,09511687009656;7,57243464743938;15,7126958607351;9,09480793149277e-08;8,40025376568077e-06;8,68739192445348
"10483215";4,28284858241647;7,88754042485399;15,6982748845989;9,16666233851991e-08;8,40025376568077e-06;8,67963170384308
"10390860";4,3828562703023;7,53770808958627;15,616869433127;9,58427548445853e-08;8,69332905932162e-06;8,63567223455893
"10578264";-3,73350043832983;7,22084790050529;-15,5837981856681;9,75992544039623e-08;8,76323002421031e-06;8,61773868426428
"10360418";4,04851787414936;6,58903319242975;15,4250179831245;1,06545169309992e-07;9,35185620822689e-06;8,53102856426319
"10439695";3,79313224063416;8,93836987067258;15,4217423664311;1,06739055170374e-07;9,35185620822689e-06;8,52922906830568
"10519497";3,65316232889913;9,44863813848405;15,409410629877;1,07472496538072e-07;9,35185620822689e-06;8,52245059795648
"10409616";4,11900142157628;8,68584218877152;15,3945583650073;1,08363279271838e-07;9,35185620822689e-06;8,51427847039676
"10513472";6,82000397099969;7,6201133755896;15,2473396655869;1,17649819477888e-07;9,84104590487316e-06;8,4327880939635
"10576332";3,84630972623927;10,8101179941591;15,2363852631552;1,18375330040413e-07;9,84104590487316e-06;8,42668891399563
"10515095";4,13785469131318;7,08292240180523;15,1929550726103;1,21300946877676e-07;9,84104590487316e-06;8,40245906836099
"10363455";3,21684977197027;8,68468589103845;15,1802283419216;1,2217339342888e-07;9,84104590487316e-06;8,39534397085767
"10441195";3,26691579271185;6,84751561319952;15,169871378895;1,22888524630546e-07;9,84104590487316e-06;8,38954876542381
"10529979";3,7946126784864;8,23099640567113;15,1011629621075;1,27751954926688e-07;1,01156068232506e-05;8,35098993851675
"10531737";3,46842540581982;8,50938003948214;15,0798918105027;1,29300588451079e-07;1,01156068232506e-05;8,33901262281135
"10464471";3,83736606203793;7,6658221594378;15,0658983219058;1,30330725636748e-07;1,01156068232506e-05;8,33112283268905
"10595033";4,79648352898446;7,92366703855274;15,0352373675593;1,32619817156127e-07;1,01156068232506e-05;8,31380678406153
"10439651";3,65187482158622;8,64431384836224;15,0045709875639;1,34953999560898e-07;1,01156068232506e-05;8,29644795869826
"10513774";-4,9085794262291;6,81932562104754;-15,0014125912723;1,35196978376647e-07;1,01156068232506e-05;8,29465787474403
"10523145";-4,31528927700976;8,14250272288203;-14,9940356004945;1,35766390373687e-07;1,01156068232506e-05;8,29047517082768
"10461721";-4,08826778113241;7,15069038147803;-14,9256700764031;1,41171760117795e-07;1,01499352047187e-05;8,25160228475648
"10355960";3,45118150115997;9,04493481234394;14,9253656114852;1,41196360504772e-07;1,01499352047187e-05;8,25142871910521
"10502881";3,52002212180661;7,82783700009429;14,9211831911419;1,41534776511879e-07;1,01499352047187e-05;8,2490440546524
"10513428";6,82264119111544;7,53648566964847;14,9205038907208;1,41589826232998e-07;1,01499352047187e-05;8,248656671557
"10369132";3,15387389881841;7,62020234896009;14,8583442334071;1,46729125704978e-07;1,04237274040962e-05;8,21312528937691
"10489545";3,79215700342349;8,44633253948057;14,8003809906975;1,51708408431796e-07;1,04237274040962e-05;8,17984269825493
"10485955";4,15713317361201;9,11120190338416;14,7919845884827;1,52445107721061e-07;1,04237274040962e-05;8,17500941318027
"10513504";6,80738119725422;7,55204314800027;14,733344583846;1,57702148145687e-07;1,07008732432596e-05;8,14116855608662
"10581605";4,1850277298366;10,132097066404;14,7126298297919;1,59607011139053e-07;1,07480812273867e-05;8,12917831750966
"10364102";3,04770308314953;8,94300154181183;14,5943471195387;1,70984818291647e-07;1,14276996225147e-05;8,06035189436795
"10485550";3,31942397814317;7,80211739053724;14,570081920517;1,73428453561495e-07;1,15045188336428e-05;8,04615595746379
"10505614";4,42233552770144;8,13743285688482;14,5281731620981;1,77740608085783e-07;1,17032315946261e-05;8,02157620506621
"10601385";-3,01892908654689;6,87013550394115;-14,4582042840639;1,85207409386621e-07;1,19450683142439e-05;7,9803637962015
"10517508";-3,05392988823658;7,77704652561652;-14,4390353678009;1,87313264996357e-07;1,19450683142439e-05;7,96903466373809
"10593767";3,39053322968965;8,12298133243624;14,4323615333675;1,88052657196574e-07;1,19450683142439e-05;7,96508642801791
"10553450";4,80628144301084;7,54113209361245;14,4195933264762;1,89476277681222e-07;1,19450683142439e-05;7,95752715273181
"10461869";3,44121982088236;8,30484301719047;14,3429391248082;1,98278321418624e-07;1,23341473377468e-05;7,9119893158749
"10569129";3,04595170000905;8,3998100016327;14,2891950371129;2,0471983155941e-07;1,25193370222979e-05;7,87990172457519
"10418092";3,20405826166959;6,86210719555335;14,2270251456172;2,12462241655975e-07;1,27606545005403e-05;7,84261788096445
"10446282";-3,84043663886684;7,7101109652593;-14,1688523221231;2,2000176192443e-07;1,29509646473262e-05;7,80756908211994
"10565156";3,16486704858988;8,82648661130318;14,1183129609299;2,26793182067156e-07;1,31762391855879e-05;7,77699139090956
"10593499";3,37804826364865;8,02716193051407;14,0609165195568;2,34789305809727e-07;1,32832169963871e-05;7,74211970448205
"10513497";6,58799075189319;7,35508518820843;14,0547390762557;2,35668372765248e-07;1,32832169963871e-05;7,73835729700869
"10514240";3,4602643070186;7,21633274328576;13,9959951501506;2,44212547048413e-07;1,35034232408917e-05;7,70248871078141
"10358515";-3,26262803083242;6,39833553316763;-13,8278475428376;2,70627822764987e-07;1,47313941536733e-05;7,59890787126675
"10380067";3,3362346776663;8,34743197507018;13,8135401981893;2,73017673909854e-07;1,47313941536733e-05;7,59003144240899
"10601701";3,0608401262469;8,05248880725119;13,7245233310801;2,88422703515575e-07;1,53520324044907e-05;7,53458027723218
"10564183";3,87491629111167;6,07050281896744;13,6817819652253;2,96159790946435e-07;1,55309555870022e-05;7,50781741008564
"10362363";3,79695574648107;7,48599113435889;13,6676248226089;2,98773023442161e-07;1,55309555870022e-05;7,49893293592517
"10397645";-3,07057076795835;6,59711654623447;-13,5835030030643;3,14837846486829e-07;1,60151530422878e-05;7,44593636422333
"10428388";-3,31116975757571;8,99401682450445;-13,5811823674354;3,15294384340237e-07;1,60151530422878e-05;7,44446937500956
"10435704";-3,03920213119593;7,1033517799012;-13,4798343517113;3,35966584569762e-07;1,68414300058362e-05;7,38013873995107
"10522208";3,31702872974731;9,77492734437629;13,4560407819258;3,410346946845e-07;1,68414300058362e-05;7,36496071371056
"10358662";-3,23644551213318;8,37336229985817;-13,2886694708736;3,79174054991291e-07;1,75436902658046e-05;7,25737765661124
"10523128";-3,75742840108907;7,16008576458143;-13,2076550103944;3,99313983836697e-07;1,75436902658046e-05;7,20478414699277
"10606789";3,60458630804028;6,62107197699693;13,201908475991;4,00786940172038e-07;1,75436902658046e-05;7,20104058188328
"10598493";3,26360523023536;9,11227520418035;13,1913991205949;4,03496302355017e-07;1,75436902658046e-05;7,19418982001705
"10560242";-3,21374573334329;8,01208935342227;-13,1771994012963;4,07189342274485e-07;1,75436902658046e-05;7,18492422055371
"10564163";3,97795672733653;6,06435573492941;13,1496392105153;4,14464501723363e-07;1,75436902658046e-05;7,16691043736936
"10564167";3,97795672733653;6,06435573492941;13,1496392105153;4,14464501723363e-07;1,75436902658046e-05;7,16691043736936
"10564171";3,97795672733653;6,06435573492941;13,1496392105153;4,14464501723363e-07;1,75436902658046e-05;7,16691043736936
"10564173";3,97795672733653;6,06435573492941;13,1496392105153;4,14464501723363e-07;1,75436902658046e-05;7,16691043736936
"10564175";3,97795672733653;6,06435573492941;13,1496392105153;4,14464501723363e-07;1,75436902658046e-05;7,16691043736936
"10564179";3,97795672733653;6,06435573492941;13,1496392105153;4,14464501723363e-07;1,75436902658046e-05;7,16691043736936
"10564181";3,97795672733653;6,06435573492941;13,1496392105153;4,14464501723363e-07;1,75436902658046e-05;7,16691043736936
"10564185";3,97795672733653;6,06435573492941;13,1496392105153;4,14464501723363e-07;1,75436902658046e-05;7,16691043736936
"10564187";3,97795672733653;6,06435573492941;13,1496392105153;4,14464501723363e-07;1,75436902658046e-05;7,16691043736936
"10564189";3,97795672733653;6,06435573492941;13,1496392105153;4,14464501723363e-07;1,75436902658046e-05;7,16691043736936
"10564191";3,97795672733653;6,06435573492941;13,1496392105153;4,14464501723363e-07;1,75436902658046e-05;7,16691043736936
"10564193";3,97795672733653;6,06435573492941;13,1496392105153;4,14464501723363e-07;1,75436902658046e-05;7,16691043736936
"10564195";3,97795672733653;6,06435573492941;13,1496392105153;4,14464501723363e-07;1,75436902658046e-05;7,16691043736936
"10564197";3,97795672733653;6,06435573492941;13,1496392105153;4,14464501723363e-07;1,75436902658046e-05;7,16691043736936
"10564199";3,97795672733653;6,06435573492941;13,1496392105153;4,14464501723363e-07;1,75436902658046e-05;7,16691043736936
"10564201";3,97795672733653;6,06435573492941;13,1496392105153;4,14464501723363e-07;1,75436902658046e-05;7,16691043736936
"10564205";3,97795672733653;6,06435573492941;13,1496392105153;4,14464501723363e-07;1,75436902658046e-05;7,16691043736936
"10564207";3,97795672733653;6,06435573492941;13,1496392105153;4,14464501723363e-07;1,75436902658046e-05;7,16691043736936
"10550400";3,96096434525382;8,93527331274533;13,1419564610962;4,16518125632321e-07;1,7547059804482e-05;7,16188174741264
"10358457";3,95725278101615;6,7456915096804;13,0994631744124;4,28082291007272e-07;1,79491673809606e-05;7,13401180540698
"10595211";-3,40802605932628;10,1847839467601;-13,0846465020338;4,32197786369921e-07;1,80233925378301e-05;7,12427157490533
"10599187";3,74741298414934;7,54498980858271;13,0248182709352;4,49267326865078e-07;1,84033975507082e-05;7,08482278717272
"10476355";4,91515511483389;8,49766779219394;12,9884810153456;4,59998474107984e-07;1,86708969696159e-05;7,06076986686536
"10463732";3,98084655154627;8,14855551925766;12,9770346825249;4,63437383774379e-07;1,87249768380475e-05;7,05317846167281
"10368289";-3,2118762843342;8,97577530232094;-12,8963184523052;4,88511708624145e-07;1,93856275801787e-05;6,99944546768335
"10601850";3,85166179425623;7,15197162966946;12,8456517114739;5,05017144106786e-07;1,98632628051558e-05;6,96553592526975
"10489179";5,5426199166903;9,60274937509245;12,7729646607188;5,29785045944904e-07;2,05264306849556e-05;6,91664365227856
"10406229";3,85598194764825;7,5987824612719;12,7339983738848;5,43614469254004e-07;2,0918567174021e-05;6,89031351600048
"10409999";3,72540673419026;8,14427198569178;12,7145989813273;5,50648155899539e-07;2,09614647484009e-05;6,87717368532445
"10360070";-3,16598713411956;8,4998364861649;-12,7114382723775;5,5180366195588e-07;2,09614647484009e-05;6,87503085612859
"10564161";3,90516461606401;6,09147567280169;12,7006595419817;5,55764437717402e-07;2,10220854760425e-05;6,86771914807872
"10513512";5,98775888889142;6,23224608214429;12,6778793210766;5,64239309240696e-07;2,12522170332227e-05;6,85224499109755
"10564159";3,72497535765611;6,19698528132441;12,6634042106039;5,69698768222979e-07;2,13673094967682e-05;6,84239728662746
"10588283";3,49777264682041;9,14743518439017;12,5935357693993;5,96886440125557e-07;2,18342533591608e-05;6,79469924572544
"10463737";4,20003369441666;8,01116537601774;12,42959808305;6,66498238682082e-07;2,38299298658201e-05;6,68169615462535
"10555323";-3,08320673458891;8,16236359329364;-12,4273184065415;6,67527566271707e-07;2,38299298658201e-05;6,68011392328402
"10461723";-3,34777785530564;8,32832946206054;-12,4017859076802;6,79177131426671e-07;2,40196391662248e-05;6,66237237042732
"10564177";3,71445084197528;6,14462990575473;12,3742060020191;6,92014367646422e-07;2,41228067216041e-05;6,64316581313312
"10564165";3,50727788958691;6,1669880137277;12,3557823923495;7,00739339090819e-07;2,42368559734564e-05;6,63031109838407
"10569008";5,7610448444273;9,3997723277346;12,2546775994055;7,50841664327372e-07;2,55717684069196e-05;6,55941462744753
"10603843";3,22630501439157;7,68563731995622;12,2439774875089;7,56372056225593e-07;2,56617985030126e-05;6,55187642292519
"10387536";-3,35450489987273;9,48732602349283;-12,176541530705;7,92281664964087e-07;2,63070301284578e-05;6,50421217373161
"10476592";3,12834438943275;8,87812526813079;12,1525431507656;8,05512836461454e-07;2,66178572613601e-05;6,48718478232235
"10358571";-3,20031469531918;7,75526438426323;-12,0825676596078;8,45509965013328e-07;2,76313899963363e-05;6,43733898275308
"10342516";-3,32115784835154;5,30604485045074;-12,0106499815283;8,88921329565702e-07;2,87331698127619e-05;6,38580240352507
"10595496";3,46336281072421;8,7074447935476;11,9382462515291;9,35132131378396e-07;2,96272349211668e-05;6,33359992109334
"10381574";3,05217430354748;8,59015687305875;11,8848586647952;9,70909185602498e-07;3,02821464941074e-05;6,29490204719538
"10375019";3,24247485588609;8,04350295475365;11,8797454572061;9,74414455147735e-07;3,02852101112176e-05;6,29118652792057
"10541614";-3,5019800870406;7,40142962024621;-11,8276298193446;1,01095136783692e-06;3,08809165247505e-05;6,25322423324388
"10512807";3,07581843992054;7,91754568047067;11,7999047856101;1,03100458200466e-06;3,13856155117787e-05;6,23295981690935
"10456237";3,71133762343441;7,80586998613908;11,71010414034;1,09903955757975e-06;3,25645420910879e-05;6,16699330534694
"10560311";3,73978329260768;8,3622435711293;11,6564522961778;1,14204946194729e-06;3,33936765370049e-05;6,12733836892119
"10533401";3,78985672667158;7,73795075476477;11,6176901002783;1,17428163631181e-06;3,40006171504094e-05;6,09857464149508
"10358559";-3,14290662115011;8,18392183683152;-11,5111272188237;1,2681999847749e-06;3,59175344790723e-05;6,01900194748424
"10534667";-3,16889710701462;9,22842563602251;-11,4535486141353;1,32238320460701e-06;3,68484774474975e-05;5,97570074215687
"10472860";3,05745739309767;7,55974261819681;11,4214859503846;1,35366177830909e-06;3,74850453189705e-05;5,95149455863012
"10490665";3,62729337626078;8,08762813165239;11,3953511188793;1,37976334724651e-06;3,78540629434389e-05;5,93171373513094
"10361023";3,82902042933187;7,71423223755497;11,3240426616701;1,45385707500843e-06;3,92806551360179e-05;5,87751259145841
"10384015";3,11591184915184;8,53068875741618;11,2926819625346;1,48782720817616e-06;4,00766547075088e-05;5,85356855147524
"10385466";-3,03349985066452;7,91269877750766;-11,2706446709854;1,51222317614459e-06;4,04884090745459e-05;5,83670366865785
"10358666";-3,54808018563632;8,95747807294788;-11,1301264136789;1,67858471279495e-06;4,32491000348821e-05;5,72839698784669
"10564169";3,05878164286503;6,22860663479969;11,1166559212358;1,69556677672768e-06;4,34797867214427e-05;5,71794393925395
"10358557";-3,08475394593326;6,9699055870619;-11,0813200113334;1,74102407384844e-06;4,42170371212536e-05;5,69046433624871
"10457929";4,07518456558254;7,60808678525681;11,0516041736866;1,78029579724699e-06;4,47035292139222e-05;5,66728882959277
"10476588";3,01856907953428;7,723865737671;11,0107460920073;1,83590134157074e-06;4,5470434375632e-05;5,63532383615921
"10545041";3,92445600400101;8,38620094014902;10,9666566818924;1,89806786770544e-06;4,64791329918283e-05;5,60070079244085
"10498885";3,55449915524086;6,35244034530932;10,9470656564916;1,92643529066868e-06;4,70441848866864e-05;5,58527259963998
"10368495";-3,36432153694487;8,98225196383161;-10,9177204473598;1,96980747006113e-06;4,78404879818946e-05;5,56211254444631
"10542355";-3,16939447246595;9,28077982903;-10,905540869392;1,98812495627242e-06;4,81537949218134e-05;5,55248231381587
"10431051";3,30664297449562;8,54813224813045;10,887120882373;2,01618649931158e-06;4,8568785345205e-05;5,53789801757529
"10527732";3,02980566724452;7,70094290532589;10,8431863891566;2,08490187766507e-06;4,93861865098204e-05;5,50301539365756
"10423230";3,66923659702349;6,90718722765083;10,7983504941955;2,15770649068754e-06;5,01917379687055e-05;5,46727569766399
"10554814";-3,07678937177413;11,0382516802306;-10,669439967481;2,38316639497472e-06;5,33601160829479e-05;5,36371459935347
"10577996";3,51895079165122;8,79035689544509;10,544241795791;2,62730038787291e-06;5,62748750549453e-05;5,26197854342623
"10504132";3,28718585870933;8,60197001325008;10,5295352016585;2,65774718737904e-06;5,64629077449377e-05;5,24995218257604
"10461622";-3,19151583781061;7,04877231545044;-10,4584503927869;2,81051580856787e-06;5,81021187118859e-05;5,19159555527561
"10358519";-3,24701002959293;7,04224763624452;-10,4208865129818;2,89514386258942e-06;5,92970824759385e-05;5,16060506128175
"10358668";-3,78900460226905;9,0852236797451;-10,3900250420251;2,9667807390996e-06;6,04253435757892e-05;5,13506460304111
"10358521";-3,60351616052037;7,69380728173514;-10,3450329620228;3,07475177910647e-06;6,2116974010176e-05;5,09770070952751
"10358658";-3,40808863643954;8,02386567524205;-10,3066891014077;3,17020028134812e-06;6,33256411256257e-05;5,06573627411524
"10604175";3,08342558577234;8,16876285401505;10,2591526860837;3,29310403939234e-06;6,49055472420366e-05;5,02595239397561
"10469255";4,07732797411625;7,41039567261148;10,2138617386469;3,41511438386392e-06;6,63220915743804e-05;4,9878858294247
"10358605";-3,09319642107642;7,50073945815256;-10,2131020492204;3,41720305333178e-06;6,63220915743804e-05;4,98724596494673
"10363224";3,95868246797513;8,83548573789337;10,1883747332039;3,48596407301777e-06;6,7340519062472e-05;4,96639439630189
"10426397";3,24990843775131;7,54930588544478;10,184590857398;3,49662034185245e-06;6,7340519062472e-05;4,96319940978517
"10481627";3,34569927430985;8,35574907345346;10,0992026036178;3,74692213251702e-06;6,99792135472466e-05;4,89080266998605
"10366229";3,76689292244792;8,01709177515294;10,0932394189549;3,76512755025249e-06;7,01639807006172e-05;4,88572537806127
"10503416";5,80159779691141;7,41962066187557;10,0613787309872;3,86406737634486e-06;7,14089291233461e-05;4,85855034294737
"10545086";3,45971329406628;8,66887679467531;10,0329890937253;3,95465087025379e-06;7,18096181581052e-05;4,834268133991
"10504188";3,52426067887038;8,55652015330364;10,0204632926321;3,99536062982325e-06;7,21844728424773e-05;4,82353420409961
"10342364";-3,96889686108367;5,45297561485202;-9,88391149186651;4,47048654220775e-06;7,73115853573633e-05;4,70570085978669
"10352234";3,00817250828541;8,90580758046468;9,8430457234461;4,62455874052232e-06;7,93584993137122e-05;4,67014373836871
"10598359";3,82582099741398;8,59729276665807;9,83441585412481;4,65783924324681e-06;7,97755935129498e-05;4,66261750067762
"10504159";3,57691211058524;8,53974733236885;9,81207397069577;4,74523393184219e-06;8,01908449052191e-05;4,64310448250421
"10512322";3,57691211058524;8,53974733236885;9,81207397069577;4,74523393184219e-06;8,01908449052191e-05;4,64310448250421
"10575880";3,74182243965636;8,18530439976775;9,80542492633776;4,77159129702929e-06;8,04832543440101e-05;4,6372894154421
"10485546";3,08657664361069;7,97951179761668;9,71279950950925;5,15607752491437e-06;8,47178800720218e-05;4,5559025170304
"10358664";-4,22823371979317;8,20433377213243;-9,64639042289341;5,45276949620874e-06;8,81266691850899e-05;4,49711192073302
"10492628";3,08952821418158;7,75071842150519;9,54554678890669;5,93997645100316e-06;9,34521250848975e-05;4,40712709116738
"10512372";3,65399574151435;8,44745184402714;9,53705353243902;5,98315302911995e-06;9,39651011940764e-05;4,39950896214151
"10394240";4,32216315739487;8,68519438758909;9,52707948004407;6,03430004371972e-06;9,46012223785266e-05;4,3905547508862
"10431711";3,01219688873884;9,71215086833775;9,42367837527712;6,59392593929496e-06;9,95134255931968e-05;4,29722287430452
"10474814";3,41147670203854;7,97732155811205;9,33911790222485;7,09425454112026e-06;0,000104215091198461;4,22020778431998
"10536324";3,21173221772331;8,17936267287095;9,31053990048908;7,27269758035039e-06;0,000106152723795952;4,1940381594435
"10458685";3,09949511662883;7,32165259810584;9,25453950815563;7,63689786734558e-06;0,0001096678273713;4,14254792324775
"10344973";3,01848706512049;7,39807137238746;9,20511336786127;7,97509684790764e-06;0,00011270371364237;4,09687080444937
"10453518";3,35751403601797;7,41595726419449;9,14539236246988;8,40595071089686e-06;0,000117254974443032;4,04138758761568
"10359504";-4,10718504016793;7,52130020917478;-9,12790968499225;8,53688749106603e-06;0,000118569363918884;4,02508462016581
"10486201";3,20414921549591;7,02042040766338;9,11261817609551;8,65325830503369e-06;0,000119439150735162;4,01080226594029
"10425726";3,06766534832658;7,98240926594363;8,93628302216128;1,01293406451209e-05;0,000132023033716246;3,84455827058468
"10351111";-3,11237801299461;8,79699144860235;-8,92762505206788;1,02086459512633e-05;0,000132734791749104;3,83632177760957
"10575693";3,21155545617615;8,65912896774574;8,8055841178908;1,14024571810353e-05;0,000141618948956661;3,71947396140392
"10529977";3,01523527430618;6,75442253356072;8,6232704002077;1,34824772482851e-05;0,000159184496224818;3,54227631186392
"10358670";-3,62843714347531;9,03332403202308;-8,62308871160923;1,3484748077094e-05;0,000159184496224818;3,54209811968243
"10416090";3,2690217014878;8,03703075465042;8,57637969776525;1,40827550674086e-05;0,000163850274599731;3,49618096403002
"10456363";3,13847214187298;7,28472205210905;8,54235234100852;1,45367787679566e-05;0,000167597180892823;3,46259571868116
"10358619";-3,29699714365559;8,13183487894986;-8,5347252320078;1,46407426547964e-05;0,000168141552271945;3,45505205678765
"10494372";3,48749485279477;8,31731568398819;8,52649465462015;1,47538514382594e-05;0,00016900384720965;3,44690508386118
"10476594";3,49241135087316;7,39531284161946;8,49408318058895;1,52087120621418e-05;0,000173098900794339;3,41475763800444
"10395428";3,03500105710172;6,79031068281576;8,48385120534913;1,53554958886112e-05;0,000174323119992164;3,4045873635819
"10501063";-3,1849274413056;8,0657951866396;-8,47152087629373;1,55344573694769e-05;0,000175458439081678;3,39231754784757
"10571815";4,02589368460307;7,60917517444557;8,45020560543483;1,58492650200334e-05;0,000177626402810479;3,37107112922956
"10358567";-3,13057238547626;7,37292144866987;-8,42102414092061;1,62916935036645e-05;0,000179847499906758;3,34191023291804
"10358591";-3,34039123835122;8,4466675902667;-8,41581455924318;1,63720983483049e-05;0,00018011334432931;3,33669533895846
"10358656";-3,46920931304021;9,15032087192413;-8,2403051551109;1,93535806329899e-05;0,000206570659859267;3,15940016775313
"10555510";3,13799973542645;7,93410000093637;8,23918187180205;1,93744902761116e-05;0,000206570659859267;3,15825531521041
"10358660";-3,32094052343267;6,97768495100299;-8,23632792209426;1,94277277131677e-05;0,000206570659859267;3,15534597893554
"10553501";3,31874128688031;7,66754754288502;8,21936007718538;1,97475864511537e-05;0,000208878808439;3,13803148305945
"10513514";3,04651900562147;5,59854473104065;7,98725140569485;2,4757450396126e-05;0,000243174103526422;2,89816087865207
"10544704";3,22022947347718;7,31104850397811;7,98387602183486;2,48399241761718e-05;0,000243174103526422;2,89463059013683
"10358654";-3,61535109294346;8,96645192745367;-7,90144362673599;2,69508349109795e-05;0,000258152986555708;2,8080354133553
"10358583";-3,99141979940586;9,05160786354483;-7,85054239970881;2,83523196084103e-05;0,00026725744326528;2,75419693955171
"10358589";-3,17832519753007;8,86171142012755;-7,81099133639166;2,94966092380528e-05;0,000273120166163595;2,7121686555091
"10577641";3,83760009085409;9,27460543699932;7,76755644729816;3,08120458999355e-05;0,000281311532232303;2,66581562717781
"10416437";-3,28156893324762;8,36264767118106;-7,7329591804847;3,19059758033893e-05;0,00028734773953022;2,62874509557666
"10362091";-3,16871996540132;6,99063093120786;-7,72377712489952;3,22034171859389e-05;0,000289732971018027;2,61888438054183
"10601942";-3,26857009153443;8,87370454065743;-7,7056639795016;3,27991400424326e-05;0,000293690115738944;2,5994050084726
"10405063";-4,4247146902773;9,31673167286267;-7,68341362969116;3,3547554105403e-05;0,00029824972754787;2,57542637971367
"10358587";-3,3657307918438;6,11979841363667;-7,66560638051777;3,41600357249676e-05;0,000301606861336653;2,5561961492135
"10358555";-3,0871466549424;8,00136995785038;-7,64491611903598;3,48871462423866e-05;0,000305528909308941;2,53380793516275
"10520527";3,01618578533633;7,94298811392223;7,50274193361069;4,03678325131688e-05;0,000337563182699489;2,37865889393924
"10603066";3,86063514011234;7,3550307558901;7,48867680759283;4,09594289260122e-05;0,000340906707606108;2,36318508060784
"10343498";-3,33765061152915;5,05989563123089;-7,45829610245453;4,22700155696928e-05;0,000348494728578914;2,32968406722441
"10358623";-3,16063590452325;6,75553295802125;-7,38459484171787;4,56447155738251e-05;0,000368181376348214;2,24797025259716
"10358525";-3,53790886096613;6,21900069275407;-7,36043159592544;4,68146117561941e-05;0,000373885969362812;2,2210427078393
"10338485";-3,52272964612997;5,16648493950277;-7,22137171184188;5,42203779213546e-05;0,000413349004582265;2,06474143882446
"10358565";-4,25108889619254;7,70493757835284;-7,20052127722468;5,5437563463631e-05;0,000419952626997551;2,041108425308
"10358650";-3,42903740980892;8,61874874224886;-7,06551081996867;6,40822090286966e-05;0,000461631850288668;1,8868175297665
"10385096";3,01849189259335;7,1058081580645;6,86001728168234;8,02098091682414e-05;0,000523015040231083;1,64771137387948
"10340987";-3,02980465909091;5,51996633400722;-6,80779350033281;8,49840695992261e-05;0,000540746882367588;1,58611049012734
"10339105";-3,27712250408402;5,29745614798192;-6,76263523684571;8,93637162457588e-05;0,000561380970818763;1,53256745877374
"10498337";3,35604880899346;7,35997694329099;6,66839353889797;9,93207514806804e-05;0,000603872886396558;1,41999529960717
"10358581";-4,22030812043554;8,30452582138791;-6,65631386913367;0,000100682403515204;0,000609234775252995;1,40548421660696
"10358561";-3,7024869656608;7,84996605485739;-6,60309754233287;0,000106928969269499;0,000632396279332383;1,34133351199802
"10608661";-3,08654548249597;7,81178148555296;-6,59802223952745;0,000107546487970871;0,000634198930509278;1,33519635152474
"10608648";-3,21639454102593;7,84896514778804;-6,5884563636783;0,000108721005128002;0,000637668850780561;1,32362006281297
"10547227";3,63946621558035;7,97186003805426;6,47553748529913;0,000123697137662534;0,000699455379568873;1,18607283672482
"10593233";3,2542081645925;7,38533773634812;6,36031924824052;0,000141333139052067;0,000763357357133635;1,04400468667938
"10608668";3,68059019841434;5,1139476849072;6,32602034143897;0,000147100143179876;0,000790074424607803;1,0013739954543
"10372648";-3,70905368812979;10,3365422178723;-6,25256037904042;0,000160334992844204;0,000838363383171841;0,909541905999502
"10358577";-3,46281096382309;7,48262457665467;-6,19978869363419;0,000170643037601315;0,000873759194261572;0,843125760612875
"10358529";-3,08621310677586;8,25033526113689;-6,18157377682835;0,000174367046463791;0,000886973267160642;0,820114172204988
"10358563";-3,13959512228812;8,46601538616483;-6,15542751961057;0,000179868392806383;0,000906377632458015;0,787004244239634
"10343435";-3,69086314826827;5,71846039485847;-6,11191103806857;0,000189448782070502;0,000940522623080324;0,731692331324927
"10502575";3,10815751343806;7,64689606956398;6,08194627024347;0,000196368502127765;0,000964375478129116;0,693455694637866
"10405047";-3,63324158297556;10,2030441092524;-6,04172652152123;0,000206092879518572;0,000998887462399449;0,641940509614778
"10495186";3,06949767880337;7,59496016751196;6,03302455671323;0,000208265158421845;0,00100557794308081;0,630765532306084
"10358617";-3,42451427849998;8,20678297199204;-5,96555283439303;0,000225979525338309;0,00106225912254481;0,543766110843662
"10456353";3,48576736680685;7,65415614213055;5,85218968983095;0,000259548954673492;0,00116935157531306;0,396177815581163
"10358533";-3,61024154297635;8,85974696131591;-5,62766690466151;0,000343202321086264;0,00141828239522818;0,0985736715096701
"10358652";-3,9187830545596;8,45758971713487;-5,60122704994532;0,000354840665980293;0,00144422100727968;0,0630603859062182
"10338479";3,3156164637168;4,64908629687001;5,48429262852859;0,000411706352543811;0,00160592532672961;-0,0951925589735945
"10358535";-3,84532782496306;7,80178308304232;-5,48068555832823;0,000413610833235588;0,00161112475750707;-0,100105117588171
"10341006";-3,12971511361549;4,65476767743025;-5,47370406724157;0,000417324161841615;0,00162061794434693;-0,109618654832147
"10551883";-3,25188302954451;10,2436739370257;-5,35209258687644;0,0004881587873661;0,00179857359270446;-0,276453259121298
"10561187";3,12989504236193;9,2252916364692;5,2786033701802;0,00053720819909925;0,00193408006552986;-0,378297212544269
"10338901";-3,19626107090442;6,00596924309256;-4,64519135441361;0,00126608038134012;0,00353794043059803;-1,28819967778069
"10411527";4,15664142190886;8,91390890398317;4,58542560462338;0,00137688113166088;0,00374513353100783;-1,37699569160653
"10600707";4,81390372789135;7,54946965616085;4,2432280331531;0,00224831519028152;0,00537238541032593;-1,89482398829639
"10578017";3,39331112900206;6,52652784973104;4,05647033192058;0,00295917794647944;0,00656127033331398;-2,18391388541333
"10338365";-3,53738006057825;5,33862469164902;-3,75937791121457;0,00462725584096969;0,00920347363781363;-2,65237777149442
