"","Row.names","SYMBOL","DESC","logFC","AveExpr","t","P.Value","adj.P.Val","B","GSM671653.CEL","GSM671654.CEL","GSM671655.CEL","GSM671656.CEL","GSM671657.CEL","GSM671658.CEL","GSM671659.CEL","GSM671660.CEL"
"10470175","10470175","Obp2a","odorant binding protein 2A",5.7074163621923,7.36410713413537,33.6741217306259,1.19481652783426e-10,6.63680115074261e-07,14.4533744368852,10.2900438498778,10.2310945652991,10.2549701721066,10.0951526736426,4.43510208094094,4.79492587429184,4.48627595064384,4.32529190628025
"10351443","10351443","Lmx1a","LIM homeobox transcription factor 1 alpha",5.77982467029576,9.60024622268186,32.830206565967,1.49326159314717e-10,6.63680115074261e-07,14.2928806569016,12.6087795723617,12.4974465036445,12.4800222457919,12.3743859095209,6.3848077759169,6.85949295599912,6.72098068265039,6.87605413556949
"10403796","10403796","Amph","amphiphysin",5.65419808129966,8.31661973892181,30.9631688945835,2.49679259410327e-10,6.78342905952098e-07,13.9121895372637,11.48551501727,11.0108299065292,10.9106249075669,11.1679052869204,5.38812686864844,5.57489712966556,5.4027878866367,5.59227090813723
"10522388","10522388","Slc10a4","solute carrier family 10 (sodium/bile acid cotransporter family), member 4",5.53131791825052,8.43170670610143,29.7723357863627,3.52207932164882e-10,6.78342905952098e-07,13.6493000422022,11.2283650254004,11.3120495432826,11.1163848573775,11.1326632348463,5.57397546037848,6.06834583075356,5.47582975884591,5.54603993792673
"10469358","10469358","Mrc1","mannose receptor, C type 1",-5.37121010565815,7.74774275246231,-29.5017644090568,3.81563115059117e-10,6.78342905952098e-07,13.5872221121894,4.97194983542629,5.43687522563484,5.03905999669695,4.80066574077485,10.3855775165791,10.4261130821087,10.471243198694,10.4504574237837
"10531869","10531869","Mapk10","mitogen-activated protein kinase 10",5.75197557937797,8.78504932702866,28.4970669410632,5.16967128796403e-10,6.99948014370999e-07,13.3486708545118,11.2487731148669,11.7144168677071,11.7542222165076,11.926736267789,6.08482360731495,5.65337049921585,5.90231055355084,5.99574148927708
"10400926","10400926","Rtn1","reticulon 1",5.28127720769015,9.12688556655158,28.2473608251108,5.58408287911263e-10,6.99948014370999e-07,13.287345586433,12.1352057453315,11.545385411365,11.5487670004271,11.840738524463,6.48598655092921,6.47719622382262,6.4024154836848,6.57938959238937
"10499189","10499189","Fcrls","Fc receptor-like S, scavenger receptor",-4.97324550147935,7.91668063869214,-27.8612517556056,6.29955284702412e-10,6.99948014370999e-07,13.1908634713582,5.74969269395687,5.19680225605037,5.352440177538,5.42129642426463,10.3272283423894,10.5655612304278,10.3483620394396,10.3720619454705
"10455942","10455942","A730017C20Rik","RIKEN cDNA A730017C20 gene",5.00894252486602,7.93734767322478,26.6954372511455,9.15845203675949e-10,6.99948014370999e-07,12.886794482569,10.0573162799874,10.5975261959167,10.5343179437647,10.5781153229623,5.50246934176731,5.41599178080567,5.24492985669869,5.56811466389539
"10482772","10482772","Nr4a2","nuclear receptor subfamily 4, group A, member 2",4.71424942832294,10.3274566841295,26.6745827493608,9.22129551256933e-10,6.99948014370999e-07,12.8811741012809,12.6346382912921,12.6862318826674,12.7685361654517,12.6489192537529,8.0008589545937,7.76876277371972,7.8102314044946,8.30147474706429
"10464370","10464370","Slc18a2","solute carrier family 18 (vesicular monoamine), member 2",5.2439306399871,8.40464488084013,26.6002636463752,9.4491800792575e-10,6.99948014370999e-07,12.8610914246325,10.8974578715491,10.8508776827354,10.9448509044244,11.4132543446257,5.70815641384461,5.58833764116039,5.7766098474002,6.05761434098112
"10382341","10382341","Sstr2","somatostatin receptor 2",4.76224664399545,8.90092749608024,25.2626122626315,1.4836639199403e-09,9.38532571465948e-07,12.4848696435692,11.5483541952142,11.3164480402662,11.1266673722681,11.1367336645634,6.31819521474607,6.61928017629249,6.35794005757535,6.78380124771612
"10362372","10362372","9330159F19Rik","RIKEN cDNA 9330159F19 gene",4.51831161875096,7.64924398384523,25.1782748718761,1.52765926378071e-09,9.38532571465948e-07,12.4601767999538,9.77596154001099,9.89911479768901,10.0689915443702,9.88953129081263,5.36846906437374,5.58186251092768,5.53881130813776,5.0712098144398
"10345791","10345791","Il1rl1","interleukin 1 receptor-like 1",-4.24641516506251,8.08063531531962,-24.9482309602109,1.65521726836875e-09,9.38532571465948e-07,12.3922120088422,6.18494590759782,5.95640222147051,5.81247463804967,5.87588816403544,10.1630667353454,10.0077746844305,10.32660877844,10.3179213931877
"10497713","10497713","Pex5l","peroxisomal biogenesis factor 5-like",4.66592009360928,8.44015956306173,24.8900285987186,1.68933751191981e-09,9.38532571465948e-07,12.3748734549626,10.5720868725675,10.8123721907947,10.9535021682745,10.7545172078288,5.83675372478605,6.20119309977914,5.98994967842073,6.40090156204246
"10517513","10517513","C1qc","complement component 1, q subcomponent, C chain",-4.24650480633365,7.90145012128266,-24.4628279158858,1.96509340367057e-09,1.02751266266045e-06,12.2458086288595,5.6223559686404,6.02497327386439,5.77835336377669,5.68710826618184,10.0988752245393,10.1101525799689,9.78810612870706,10.1016761645827
"10466200","10466200","Ms4a7","membrane-spanning 4-domains, subfamily A, member 7",-5.23115590750575,7.83898265324474,-23.9419475012899,2.37124920037816e-09,1.17100189678675e-06,12.0840392325013,4.91560868899761,5.22642594962963,5.12866237821337,5.62292178112685,10.4736503484802,10.0733271083436,10.5848591203413,10.6864058508254
"10469816","10469816","Il1rn","interleukin 1 receptor antagonist",-4.19348904557437,8.74058362433051,-23.6413874011867,2.647573209837e-09,1.23864622432848e-06,11.9884212599667,6.62268453284202,6.89415385421395,6.7004903547895,6.35802766432782,10.9273174392978,10.7744373185459,10.9488794313408,10.6986783992862
"10540401","10540401","Lrrn1","leucine rich repeat protein 1, neuronal",5.92746621533165,8.76188071376195,23.2762610581128,3.03252452217998e-09,1.28379777889063e-06,11.8699539781169,11.1599237813481,11.8426441070157,11.9449618842136,11.9549255131337,5.90182125654697,5.29188913008103,6.00696296836197,5.99191706939455
"10477986","10477986","Nnat","neuronatin",4.37136951590366,10.4194868654817,23.2759003423508,3.03293434094986e-09,1.28379777889063e-06,11.8698356674027,12.2294586886133,12.8086327240702,12.8523735131364,12.5302215679142,8.28672875971334,8.27941708787701,8.19145499270673,8.17760758982224
"10386211","10386211","Fam183b","family with sequence similarity 183, member B",4.19200484077176,7.71904509117008,23.0536970715911,3.29748981792775e-09,1.33233577234363e-06,11.7964698769154,10.0932811433647,9.93744195966786,9.58781819666251,9.64164874652875,5.44898002554346,5.62829369966136,5.73382723565257,5.68106972227941
"10560919","10560919","Atp1a3","ATPase, Na+/K+ transporting, alpha 3 polypeptide",5.08134784819143,9.02485430237306,22.6285190465815,3.87826995811801e-09,1.4631404754738e-06,11.6533366563613,12.1301678206626,11.4396219785031,11.2516452545512,11.4406778521583,6.31465105871745,6.44625254412834,6.47210320825828,6.70371470200531
"10585484","10585484","Chrna5","cholinergic receptor, nicotinic, alpha polypeptide 5",4.15947657138983,7.35673793369559,22.5806864352782,3.95042990340547e-09,1.4631404754738e-06,11.63700378252,9.27616063935358,9.32438339134976,9.39962119528473,9.74573965157395,5.33409256135416,5.5085532579293,5.16096620747676,5.10438656524248
"10363082","10363082","Lilrb4a","leukocyte immunoglobulin-like receptor, subfamily B, member 4A",-3.96086343742551,7.76193692837063,-21.6524512232777,5.69317976322747e-09,2.02426699661316e-06,11.3104631358156,5.84454489480119,5.60220813092971,5.68320871737492,5.99605909552568,9.8831309891042,9.53773879638706,9.96347082067507,9.58513398216722
"10569370","10569370","Th","tyrosine hydroxylase",5.92471584243012,8.96414503994855,21.3010725144418,6.56381678717653e-09,2.18494870278913e-06,11.1819164396584,12.2844288772067,11.8653252315944,11.7319773920975,11.8242803437558,5.48062076649785,6.59236459740389,5.6499934610346,6.28416964999761
"10563597","10563597","Saa3","serum amyloid A 3",3.45161149442536,11.2652164058833,21.1684004080259,6.93022829464199e-09,2.18494870278913e-06,11.1326468672992,13.0268199667552,13.0751376168921,13.0132284611018,12.8489025676348,9.44433824464156,9.36479136347013,9.68967855689299,9.65883446967782
"10446965","10446965","Rasgrp3","RAS, guanyl releasing protein 3",-3.58754188653485,6.95461918262285,-21.1425264068875,7.00430338066191e-09,2.18494870278913e-06,11.1229906747826,5.4371766535586,5.00181033637825,5.18733432620617,5.01707164127868,8.77683186917963,8.63242299767007,8.83304795740038,8.75125767931103
"10476633","10476633","Pcsk2","proprotein convertase subtilisin/kexin type 2",4.91102252051306,8.84636010309269,21.0998860949623,7.12830603902404e-09,2.18494870278913e-06,11.1070432378544,11.8117687558693,11.2177496235127,11.1009338160567,11.0770332579581,6.64577429662261,6.60175041002367,6.06394106789675,6.2519295968016
"10547657","10547657","C3ar1","complement component 3a receptor 1",-5.01048925397649,8.95791199698526,-20.739071180285,8.28091443100949e-09,2.45363494590811e-06,10.970381158382,5.93369123532066,6.61191936684601,6.53606872276263,6.72899015505878,11.3964614194031,11.0528627766152,11.6608216510624,11.7424806488134
"10606835","10606835","Bex2","brain expressed X-linked 2",5.32944055424503,8.94956226565651,20.2952984536242,9.99191690245713e-09,2.74413004392408e-06,10.7979801133637,11.907919033539,11.3310914288152,11.415687216409,11.8024324923528,5.8447354637054,6.24542707030006,6.1348718593687,6.9143335607618
"10573979","10573979","Gnao1","guanine nucleotide binding protein, alpha O",3.59597742854299,9.91300764843511,20.1942546714745,1.04342584249293e-08,2.74413004392408e-06,10.7580421195227,11.9703409368304,11.5441845241781,11.5674526474941,11.7620073423238,8.26555889762999,8.24038322218384,8.0028760984087,7.9512575184319
"10602896","10602896","Adgrg2","adhesion G protein-coupled receptor G2",-3.77562265098207,8.22448493451092,-20.1804935254767,1.04961662159319e-08,2.74413004392408e-06,10.7525830257803,6.27343507007306,6.01563810463941,6.44706215263538,6.61055910873168,10.1484421073895,9.92340275110101,10.2643790681259,10.1129611133914
"10606868","10606868","Bex1","brain expressed X-linked 1",6.25711538856722,7.82975845226098,19.9770021048159,1.14609068297156e-08,2.91074288026693e-06,10.6712939718981,11.3867933108493,10.4307634764553,10.8557833719888,11.1599244268849,4.68646366631046,5.38091720050953,4.66427858438241,4.07314358070707
"10505489","10505489","Pappa","pregnancy-associated plasma protein A",-3.40796136580029,8.34918927100599,-19.8345444453494,1.21948479728088e-08,2.94154491497089e-06,10.6137514367545,6.75882121619734,6.5921779673022,6.36962864206796,6.86020652685586,10.0896773784073,9.97868131512808,10.1492106671117,9.99511045497745
"10356177","10356177","Dner","delta/notch-like EGF repeat containing",3.77979113141046,9.50975422643966,19.8253412836316,1.22440276582206e-08,2.94154491497089e-06,10.6100158603871,11.6935634677966,11.3633518490321,11.2211092842842,11.3205745674666,7.52516244672264,7.9551303889384,7.46759114609578,7.53155066118088
"10377938","10377938","Eno3","enolase 3, beta muscle",4.12002429887169,10.1724928576803,19.7540979473609,1.26322762379259e-08,2.9549553547085e-06,10.5810229858823,12.0465767352932,12.3256344620437,12.4020222277299,12.1557866033976,7.82946595230771,8.54168464141082,7.87833678999839,8.20043544926083
"10431625","10431625","Syt10","synaptotagmin X",4.48212822424665,7.86184417215387,19.6418337495737,1.32721278256264e-08,3.02502421133316e-06,10.5350649063061,9.68853297067864,10.2236893203682,10.5297594020648,9.96965144399712,5.32689311701998,5.59941252079088,5.90816965509868,5.64864494721263
"10517517","10517517","C1qa","complement component 1, q subcomponent, alpha polypeptide",-3.24292585982331,7.86401853844023,-19.537353353816,1.39000903430469e-08,3.08894757648361e-06,10.4919922263685,6.05511555261953,6.43117948649051,6.38624999230992,6.09767740269435,9.49106258161256,9.50810056547219,9.4035639069099,9.53919881941289
"10558400","10558400","Nps","neuropeptide S",3.53857500124706,6.96916916142501,19.316422216481,1.53395696321678e-08,3.19971113613325e-06,10.3999433432522,8.69512100353675,8.8042817858073,9.00041330180629,8.45401055704381,5.14611461914215,5.33560846484136,5.31445006959017,5.00335348963224
"10412066","10412066","Rab3c","RAB3C, member RAS oncogene family",4.93779256406484,7.12849128930773,19.2439825809267,1.58470078921909e-08,3.19971113613325e-06,10.3694722130518,9.78740609633141,9.34688863540614,9.18611235185148,10.0691432017716,4.20180298983405,4.87301723361616,4.67102081248477,4.89253899316624
"10408359","10408359","Nrsn1","neurensin 1",4.1799200252673,7.66569446270871,19.2293671773866,1.59516327887295e-08,3.19971113613325e-06,10.3633068482304,9.74059919906734,9.63773450982987,9.83213318897495,9.81215100349727,5.14211276792859,5.54104965743454,5.5368860582211,6.08288931671601
"10494271","10494271","Ctss","cathepsin S",-4.27516000136437,8.93621085634069,-19.1466658445204,1.65582981507627e-08,3.19971113613325e-06,10.3283087177266,6.30645285791846,6.74107443962661,6.89939022081149,7.24760590427748,10.9164429830446,11.0119912342234,11.1227030872037,11.2440261236197
"10450325","10450325","Cfb","complement factor B",3.76990892051636,9.49513780701287,18.8187936755211,1.9228672590331e-08,3.57036690592598e-06,10.1876697489034,11.7278080141275,11.3414022371173,11.2196273252937,11.2315314925457,7.72950026292806,7.63464972079258,7.26468313729169,7.81190026600645
"10465820","10465820","Gng3","guanine nucleotide binding protein (G protein), gamma 3",5.05896886151448,8.76816341858712,18.8100650175868,1.93060185971443e-08,3.57036690592598e-06,10.1838838985326,11.8596493818229,10.9190699316504,11.0378415944838,11.3740304894203,6.00132620251114,6.12471763489085,6.76895413097027,6.05971798294726
"10593756","10593756","Chrna3","cholinergic receptor, nicotinic, alpha polypeptide 3",4.77738847976305,7.86380149933964,18.7682467288561,1.96814015513976e-08,3.57036690592598e-06,10.1657158121424,9.73077261485785,10.2637974035903,10.692160302805,10.3232526356315,5.49485753408842,5.80187384528621,5.03374545640271,5.5699522020551
"10584024","10584024","Opcml","opioid binding protein/cell adhesion molecule-like",3.95227080091397,8.89299597746938,18.6457395713887,2.08285620332748e-08,3.7029017582756e-06,10.1122012330618,10.359968693146,10.93294623406,11.1369976055775,11.0466129789219,7.12655273562691,6.89650728027956,6.79803331779337,6.84634897434971
"10409876","10409876","Ctla2a","cytotoxic T lymphocyte-associated protein 2 alpha",-4.46621318158762,7.20109564774113,-18.5040205100194,2.22491910630373e-08,3.87790312469291e-06,10.0497478937414,5.35483908507491,4.73052566858371,4.59319675224947,5.19339472188117,9.35536126170896,9.0746021198464,9.78933416699886,9.51751140558553
"10601903","10601903","Zcchc18","zinc finger, CCHC domain containing 18",3.3897717132167,8.22525775521669,18.4307695567507,2.30254138758188e-08,3.93601738350295e-06,10.0172351034332,10.1382142483252,9.63194119173282,9.95356349714618,9.95685551009595,6.26931537806734,6.6816060080794,6.54400139261342,6.6265648156732
"10426425","10426425","Pdzrn4","PDZ domain containing RING finger 4",3.43486877747325,7.2429859039253,18.3737092938068,2.36509172359957e-08,3.96666043982578e-06,9.99179800765406,9.15235600463996,8.85986410035569,8.66951051219075,9.15995055346131,5.37540613020916,5.47505110106751,5.49025624787988,5.76149258159818
"10351679","10351679","Cd84","CD84 antigen",-3.43450142593815,6.54304394964272,-18.1909285023592,2.57851408268983e-08,4.07887323487427e-06,9.90965677155637,5.01748625078955,5.01120347084987,4.52859718802165,4.7458860370335,8.36733806456571,8.23426574234384,8.42534171946336,8.01423312407426
"10553430","10553430","Slc6a5","solute carrier family 6 (neurotransmitter transporter, glycine), member 5",3.89288179587772,8.01121190381428,18.1852146379836,2.58552202384036e-08,4.07887323487427e-06,9.90707266333115,10.3990804026275,9.80523351344208,9.71664385522102,9.90965343572194,5.92957816019957,5.80789782413767,6.31692533682412,6.20468270234033
"10597323","10597323","Arpp21","cyclic AMP-regulated phosphoprotein, 21",3.22169430548024,7.37712494292884,18.0163476257366,2.80249381254017e-08,4.295063362012e-06,9.83025052827163,8.66834270047199,8.92052055417827,9.20799792700499,9.15502720102058,5.81918371403434,5.71376079125942,5.68791164612079,5.84425500934033
"10536334","10536334","Dync1i1","dynein cytoplasmic 1 intermediate chain 1",4.08663579218897,7.56406047825028,17.7948197867911,3.11839496995334e-08,4.69820557422292e-06,9.72812956416954,10.181369390286,9.44461684141286,9.30281528720521,9.50071197847502,5.65647020577177,5.71140798215326,5.36609135162629,5.34900078907188
"10363070","10363070","Lilr4b","leukocyte immunoglobulin-like receptor, subfamily B, member 4B",-4.12025231946149,7.60025856351181,-17.6460361597269,3.35269980516829e-08,4.96702476135682e-06,9.65867250506384,5.05889909257971,5.71252406374671,5.34978396302411,6.03932249577375,9.66676156865087,9.52789394600517,9.84068694705159,9.6061964312626
"10483228","10483228","Scn3a","sodium channel, voltage-gated, type III, alpha",4.13112798641081,6.90306518841011,17.5590948869348,3.49862317948044e-08,5.04183479280804e-06,9.61775696306167,9.6312811570833,8.73813219151443,8.70753327029508,8.79757010756922,4.76719133519407,4.85124094901521,4.96090675771975,4.77066573888978
"10532180","10532180","Cplx1","complexin 1",3.35915033029527,8.46169357036785,17.5345413927155,3.54110089263738e-08,5.04183479280804e-06,9.6061575527352,10.5463489826977,10.0829554175702,9.96818681580387,9.96758372599013,6.73748909623392,6.80376433136395,6.95802890464592,6.62919128863708
"10540085","10540085","Fbln2","fibulin 2",-3.35914971450251,9.37663585068375,-17.5161144370228,3.57335574245592e-08,5.04183479280804e-06,9.59743954447188,7.89853182100106,7.73924138152753,7.29106085067954,7.85940992052188,11.1359927029041,11.2002892553497,10.9481099051216,10.9404509683646
"10452316","10452316","C3","complement component 3",3.58403476507831,10.5337100646603,17.1833554625726,4.21573647841578e-08,5.7127181377241e-06,9.43808609480735,12.5239999104212,12.1945454386126,11.9664490917108,12.6179153480534,9.02834829945662,8.74772094807908,8.52902312944625,8.66167835150283
"10510260","10510260","Nppb","natriuretic peptide type B",3.70978222464385,8.895832296846,17.1711413058081,4.24164019675769e-08,5.7127181377241e-06,9.43216679392768,11.1039487127173,10.6976309687699,10.7286441009917,10.4726698541927,7.26504542299541,6.94972710148677,6.6677383236718,7.28125388994232
"10548940","10548940","Lmo3","LIM domain only 3",3.58564835725792,8.04475942571575,17.0698864047527,4.46331420912037e-08,5.88973966446175e-06,9.38290194456297,9.6508079007603,9.63357276839136,9.75429439607732,10.3116593521499,6.01956244878387,6.47282912480387,6.2089986611636,6.30635075359581
"10416175","10416175","Nefl","neurofilament, light polypeptide",3.70987410550942,7.84088071353772,17.0512082436691,4.5055945233817e-08,5.88973966446175e-06,9.37377621160123,9.3466954983242,9.73843410534907,9.77445940837832,9.92368205311813,5.99914426522319,5.62362466109247,6.38238591682694,5.93861979998944
"10461878","10461878","Prune2","prune homolog 2",3.33128653070642,9.80251130579513,17.0088764902,4.60307283119686e-08,5.92995860818969e-06,9.35304980208759,11.7380935793796,11.5242038273092,11.2708919638116,11.3394289140929,7.94365060597661,8.00748634942044,8.49332105753982,8.10301414883078
"10417628","10417628","Cadps","Ca2+-dependent secretion activator",4.98050090964185,7.26493044675147,16.8525484648913,4.98387371336834e-08,6.26119733226819e-06,9.27597499176779,10.3832149021628,9.24265471577098,9.25103615559506,10.1438178327607,4.56700363652974,4.68459630684257,4.81694731764756,5.03017270670233
"10460947","10460947","Pygm","muscle glycogen phosphorylase",4.00124634693218,8.15805526586173,16.8335966992853,5.03236779932438e-08,6.26119733226819e-06,9.26657364252002,10.6253114889398,10.1675476105636,10.267934454816,9.57392020299183,5.98795775619034,6.18541701204064,6.11962009254724,6.33673350880435
"10427744","10427744","Rai14","retinoic acid induced 14",-3.1454577626397,9.01092832140005,-16.8176526145583,5.07357157341184e-08,6.26119733226819e-06,9.25865460965722,7.2895445437859,7.67552330557795,7.10934098151111,7.67838892944587,10.6435079475605,10.5258626407361,10.6200458327587,10.5452123898243
"10588592","10588592","Cacna2d2","calcium channel, voltage-dependent, alpha 2/delta subunit 2",3.9504738310965,8.22507358182011,16.7134809522922,5.35217405530686e-08,6.36390085652889e-06,9.20669603706724,9.66990665726683,10.558341471907,10.5320034037167,10.0409904565829,6.06293906776605,6.17993092849474,6.32381468503004,6.43266198379662
"10476628","10476628","Otor","otoraplin",4.31292376702807,10.1877882547641,16.7034968405194,5.37975541330335e-08,6.36390085652889e-06,9.20169613340267,11.7997652889775,12.4990903628737,12.6524462112945,12.4256986899668,8.45454469018367,7.58618087512288,7.95502863160691,8.12955128808681
"10410995","10410995","Rasgrf2","RAS protein-specific guanine nucleotide-releasing factor 2",4.01804743256472,7.27833655991237,16.6815047520328,5.44106721899197e-08,6.36390085652889e-06,9.19067037746192,8.7115882853662,9.47239792560604,9.33844482060573,9.62701007320097,5.52603858459387,5.37926302523945,5.21389218933126,4.95805757535549
"10476512","10476512","Snap25","synaptosomal-associated protein 25",5.25814286806176,8.72199890152749,16.6421021161178,5.5528668288503e-08,6.41031600540913e-06,9.17087297737188,12.0011735616403,10.801600713789,10.7584462492152,11.8430608175891,6.08634249407588,6.0603194984263,6.31491111126263,5.91013676622162
"10421100","10421100","Nefm","neurofilament, medium polypeptide",4.17252512321469,8.5167472325492,16.6019053864206,5.66955284177061e-08,6.46110964237166e-06,9.15061972230217,9.91701190975727,10.6315472824305,10.8892892967088,10.9741906877296,6.39727377174205,6.2982060700565,6.39208612618345,6.63437271578543
"10555389","10555389","Ucp2","uncoupling protein 2 (mitochondrial, proton carrier)",3.03467735331659,9.62474807775996,16.5758530344887,5.74663182240921e-08,6.46605193283487e-06,9.13746236923246,11.0422080046918,11.3140726579564,11.3131574090388,10.898908945986,8.1211912254921,8.19512331111031,7.84798805651479,8.26533501128944
"10501754","10501754","Plppr4","phospholipid phosphatase related 4",3.65922843035077,8.06661643944836,16.4343127022279,6.1862549772011e-08,6.78798543720929e-06,9.06555331316703,9.56206472294738,10.1705780403239,9.68803505297215,10.1642448022516,5.88657301701068,6.52860296184318,6.24892019703596,6.28391272120211
"10385391","10385391","Cyfip2","cytoplasmic FMR1 interacting protein 2",3.63751004591442,8.57072393156928,16.4111050719858,6.26183829284691e-08,6.78798543720929e-06,9.05369360687616,10.9655988426711,10.2555773659704,10.1157579357961,10.2209816736684,6.86764163535157,6.85299981694309,6.59818365532138,6.68905052683222
"10466210","10466210","Ms4a6d","membrane-spanning 4-domains, subfamily A, member 6D",-3.29070037108158,7.11246369615847,-16.2033916233219,6.98587699098918e-08,7.32869096041392e-06,8.94666774014944,5.29331049453705,5.82451911170405,5.59700485912262,5.15361957710699,8.49969278500987,8.82302609959904,8.88775360138677,8.82078304080135
"10542164","10542164","Clec12a","C-type lectin domain family 12, member a",-3.05573238537226,6.72529674614522,-16.0945648839085,7.40196168203168e-08,7.6507020222767e-06,8.88995523590722,5.42995849776424,5.33390850419587,4.96644937065524,5.059405841221,7.9883728491181,8.19244465477674,8.39388618028402,8.43794807114651
"10565152","10565152","Homer2","homer scaffolding protein 2",4.08990192394165,7.91241453292294,15.9383413655071,8.04815455350663e-08,7.96032812354677e-06,8.8077623717208,10.1478609275745,9.66104873874117,9.7269710646381,10.2935812486213,5.53287853997385,5.55115466026006,6.40051578094574,5.98530530262884
"10469672","10469672","Gad2","glutamic acid decarboxylase 2",5.15261252242856,8.32268699373556,15.9356708706873,8.05973147844763e-08,7.96032812354677e-06,8.80634928585412,9.88623746138883,11.1539323547563,11.2551791426343,11.30062406102,5.52607075634498,5.98345156311734,5.76468826485843,5.71131234576437
"10495675","10495675","F3","coagulation factor III",-3.11257275477501,8.2993282477867,-15.8578004224925,8.40557037757074e-08,8.2106719874974e-06,8.76502395483154,6.86005662791472,6.33837122573559,6.71442038961514,7.05931923833131,9.78230382028544,9.89539107066683,9.99666847840487,9.74809513133966
"10492689","10492689","Pdgfc","platelet-derived growth factor, C polypeptide",-3.19482277233123,8.75911602493921,-15.798764664533,8.67873809797161e-08,8.38535901661627e-06,8.73353817268748,6.85837845537815,7.0784855396944,7.06234119030653,7.64761336971528,10.2976949007084,10.4144626607711,10.4155968062492,10.2983552766907
"10523134","10523134","Pf4","platelet factor 4",-3.73676336304545,7.08526215464736,-15.7390849755228,8.96493291599564e-08,8.40025376568077e-06,8.70157133995367,5.14945318328499,5.48973379331487,5.2611374270109,4.96719748888778,8.82286152233105,8.75802631331125,9.55304510184601,8.68064240719203
"10474700","10474700","Thbs1","thrombospondin 1",-3.17869315166709,11.1881167223855,-15.714175646417,9.08747012406503e-08,8.40025376568077e-06,8.68818776572488,9.20171605486943,9.80868590118566,9.45217520466523,9.93250342548739,12.8347595111758,12.8671601227576,12.7381115283338,12.6698220306089
"10506274","10506274","Dnajc6","DnaJ heat shock protein family (Hsp40) member C6",3.09511687009656,7.57243464743938,15.7126958607351,9.09480793149277e-08,8.40025376568077e-06,8.68739192445348,9.34067576060771,8.85088545669114,8.97456294243498,9.3138481702168,6.32370814488315,5.82924494186332,6.03980184350865,5.90674991930925
"10390860","10390860","Krt23","keratin 23",4.3828562703023,7.53770808958627,15.616869433127,9.58427548445853e-08,8.69332905932162e-06,8.63567223455893,8.984873741046,9.75220488436893,9.87228268719693,10.3071835863378,5.12552864150106,5.56393593200292,5.23912205384411,5.4565331903924
"10578264","10578264","Msr1","macrophage scavenger receptor 1",-3.73350043832983,7.22084790050529,-15.5837981856681,9.75992544039623e-08,8.76323002421031e-06,8.61773868426428,5.13406222319538,5.49391129526047,5.10733577796109,5.68108142894456,9.28557197992718,9.13389095817073,9.38003584885972,8.5508936917232
"10360418","10360418","Rgs7","regulator of G protein signaling 7",4.04851787414936,6.58903319242975,15.4250179831245,1.06545169309992e-07,9.35185620822689e-06,8.53102856426319,7.88698783427989,8.59811539188442,8.90631122193696,9.06175406991645,4.4905921200672,4.44376297242339,4.65454878260574,4.67019314632395
"10439695","10439695","Tagln3","transgelin 3",3.79313224063416,8.93836987067258,15.4217423664311,1.06739055170374e-07,9.35185620822689e-06,8.52922906830568,11.2120677518423,10.3560060961087,10.6072341719905,11.1644359440171,7.22095873933281,7.23365764556521,6.72252377597361,6.99007484055038
"10519497","10519497","Steap4","STEAP family member 4",3.65316232889913,9.44863813848405,15.409410629877,1.07472496538072e-07,9.35185620822689e-06,8.52245059795648,11.2265385803447,11.2174716894122,11.4189755450858,11.2378913968917,7.64443961193122,7.04384502078322,8.13714872875934,7.66279453466418
"10409616","10409616","Spock1","sparc/osteonectin, cwcv and kazal-like domains proteoglycan 1",4.11900142157628,8.68584218877152,15.3945583650073,1.08363279271838e-07,9.35185620822689e-06,8.51427847039676,11.5217868191202,10.4065111364667,10.4235646709685,10.6295089716833,6.60136268698703,6.66342960442382,6.80078717759355,6.43978644292913
"10515095","10515095","Elavl4","ELAV like RNA binding protein 4",4.13785469131318,7.08292240180523,15.1929550726103,1.21300946877676e-07,9.84104590487316e-06,8.40245906836099,9.46294699351414,8.71860262149826,8.66095883069866,9.76489054413623,5.00983552120101,5.186009278826,4.89349085186756,4.96664457269998
"10363455","10363455","Pcbd1","pterin 4 alpha carbinolamine dehydratase/dimerization cofactor of hepatocyte nuclear factor 1 alpha (TCF1) 1",3.21684977197027,8.68468589103845,15.1802283419216,1.2217339342888e-07,9.84104590487316e-06,8.39534397085767,9.82109799405262,10.3764162531348,10.5232738044052,10.4516550565017,6.88308277893975,7.18980050003129,6.93114668424528,7.30101405699692
"10441195","10441195","Dscam","DS cell adhesion molecule",3.26691579271185,6.84751561319952,15.169871378895,1.22888524630546e-07,9.84104590487316e-06,8.38954876542381,8.77174871837851,8.162783487399,8.27067146409181,8.71869036835246,5.22940580652803,5.39300598326992,5.35982255953644,4.87399651803999
"10529979","10529979","Ppargc1a","peroxisome proliferative activated receptor, gamma, coactivator 1 alpha",3.7946126784864,8.23099640567113,15.1011629621075,1.27751954926688e-07,1.01156068232506e-05,8.35098993851675,9.64643455056027,10.0547439526506,10.2352162069504,10.576816269496,6.37654838796473,6.10073520131349,6.09111724000427,6.76635943642924
"10531737","10531737","Hpse","heparanase",3.46842540581982,8.50938003948214,15.0798918105027,1.29300588451079e-07,1.01156068232506e-05,8.33901262281135,10.3984596647927,10.2854603419802,10.2255348665504,10.0649160962449,6.48160195869039,6.44103901324634,7.3322422390877,6.84578613526447
"10464471","10464471","Gal","galanin",3.83736606203793,7.6658221594378,15.0658983219058,1.30330725636748e-07,1.01156068232506e-05,8.33112283268905,10.1613848268379,9.66189788509576,9.52321822527997,8.99151982461343,5.88971847539397,5.53584291032382,5.6777506459755,5.88524448198206
"10595033","10595033","Scg3","secretogranin III",4.79648352898446,7.92366703855274,15.0352373675593,1.32619817156127e-07,1.01156068232506e-05,8.31380678406153,10.6972238238865,9.68264053093305,9.81440033679865,11.0933705205617,5.6058135881225,5.37441774514693,5.59244140763922,5.52902835533339
"10439651","10439651","Cd200","CD200 antigen",3.65187482158622,8.64431384836224,15.0045709875639,1.34953999560898e-07,1.01156068232506e-05,8.29644795869826,10.6656598796405,10.4066779398937,9.90729884796342,10.9013683691238,6.83918164761618,6.68277876424477,7.11328165955199,6.63826367886359
"10523145","10523145","Cxcl15","chemokine (C-X-C motif) ligand 15",-4.31528927700976,8.14250272288203,-14.9940356004945,1.35766390373687e-07,1.01156068232506e-05,8.29047517082768,6.44573825400419,5.16221831928476,6.00764611003712,6.32382965418254,10.4685424194562,10.0792371932444,10.4204098783734,10.2323999544737
"10461721","10461721","Mpeg1","macrophage expressed gene 1",-4.08826778113241,7.15069038147803,-14.9256700764031,1.41171760117795e-07,1.01499352047187e-05,8.25160228475648,4.89065768903085,5.09611675595717,4.55639767798223,5.88305384067705,9.20581802323321,9.16638424518242,9.13552580061246,9.27156901914886
"10355960","10355960","Scg2","secretogranin II",3.45118150115997,9.04493481234394,14.9253656114852,1.41196360504772e-07,1.01499352047187e-05,8.25142871910521,10.650721733755,10.4349436109924,10.7100964571082,11.2863404498401,7.08559444584465,7.12701654445259,7.50034751233738,7.56441774442121
"10502881","10502881","St6galnac5","ST6 (alpha-N-acetyl-neuraminyl-2,3-beta-galactosyl-1,3)-N-acetylgalactosaminide alpha-2,6-sialyltransferase 5",3.52002212180661,7.82783700009429,14.9211831911419,1.41534776511879e-07,1.01499352047187e-05,8.2490440546524,9.53734576613211,9.22750586593404,9.56337323792458,10.0231673739997,5.6160898634147,6.30534555889379,6.25827226792144,6.09159606653404
"10369132","10369132","Fam184a","family with sequence similarity 184, member A",3.15387389881841,7.62020234896009,14.8583442334071,1.46729125704978e-07,1.04237274040962e-05,8.21312528937691,9.1382114237564,9.05537302729051,8.94465230140012,9.65032044103016,6.03251351220054,5.78775482403588,6.31555655883778,6.03723670312934
"10489545","10489545","Tnnc2","troponin C2, fast",3.79215700342349,8.44633253948057,14.8003809906975,1.51708408431796e-07,1.04237274040962e-05,8.17984269825493,10.8963355299682,9.95179542600933,10.481455750251,10.0400574585408,6.54439114541544,6.28334603072893,6.92962837606742,6.44365059886352
"10485955","10485955","Scg5","secretogranin V",4.15713317361201,9.11120190338416,14.7919845884827,1.52445107721061e-07,1.04237274040962e-05,8.17500941318027,11.488569610754,10.6726824497004,11.1332393835151,11.4645825167912,7.22007492516157,6.78385833927387,6.56408788713065,7.56252011474652
"10581605","10581605","Hp","haptoglobin",4.1850277298366,10.132097066404,14.7126298297919,1.59607011139053e-07,1.07480812273867e-05,8.12917831750966,12.9339280804571,12.3315859329524,11.9595392344547,11.6733904774251,8.10498740706714,8.0830045312838,7.69699054227623,8.27335032531579
"10364102","10364102","Chchd10","coiled-coil-helix-coiled-coil-helix domain containing 10",3.04770308314953,8.94300154181183,14.5943471195387,1.70984818291647e-07,1.14276996225147e-05,8.06035189436795,10.5369643453953,10.7759974514209,10.603173333195,9.95127720353511,7.43394814698242,7.35846218460067,7.35035992417385,7.5338297451913
"10485550","10485550","D430041D05Rik","RIKEN cDNA D430041D05 gene",3.31942397814317,7.80211739053724,14.570081920517,1.73428453561495e-07,1.15045188336428e-05,8.04615595746379,8.92780328046658,9.66501170804901,9.58480497925864,9.66969755066106,5.89555126200567,6.38308241752177,5.98770197815391,6.30328594818125
"10505614","10505614","Tyrp1","tyrosinase-related protein 1",4.42233552770144,8.13743285688482,14.5281731620981,1.77740608085783e-07,1.17032315946261e-05,8.02157620506621,9.43342859199314,10.5637767351081,10.8992711300145,10.4979260258264,5.88119885938741,6.09625116836414,5.74844245973946,5.97916788464541
"10601385","10601385","Tlr13","toll-like receptor 13",-3.01892908654689,6.87013550394115,-14.4582042840639,1.85207409386621e-07,1.19450683142439e-05,7.9803637962015,5.7125717977999,5.54819514386208,5.30645964420024,4.87545725680859,8.38270102309916,8.34571517115384,8.33377501330036,8.45620898130501
"10517508","10517508","C1qb","complement component 1, q subcomponent, beta polypeptide",-3.05392988823658,7.77704652561652,-14.4390353678009,1.87313264996357e-07,1.19450683142439e-05,7.96903466373809,6.06621629986119,6.23735977641046,6.70288486985798,5.99386537986329,9.29168188509646,9.20186108748349,9.13233530284761,9.59016760351166
"10593767","10593767","Chrnb4","cholinergic receptor, nicotinic, beta polypeptide 4",3.39053322968965,8.12298133243624,14.4323615333675,1.88052657196574e-07,1.19450683142439e-05,7.96508642801791,9.502184237809,10.3625259029552,9.97010594028944,9.43817570807058,6.58659805768757,6.45468007586645,6.28610292606915,6.38347781074248
"10553450","10553450","Nell1","NEL-like 1",4.80628144301084,7.54113209361245,14.4195933264762,1.89476277681222e-07,1.19450683142439e-05,7.95752715273181,10.8102973797868,9.60656944353999,9.18382690651248,10.1763975306322,5.14941353779657,5.20376802247011,4.87863970685985,5.32014422130158
"10461869","10461869","Prune2","prune homolog 2",3.44121982088236,8.30484301719047,14.3429391248082,1.98278321418624e-07,1.23341473377468e-05,7.9119893158749,10.0954770875716,10.1477819544973,10.2236981518201,9.63485451663767,6.02110553039806,6.71677774809461,6.88473467868493,6.71431446981957
"10569129","10569129","Sct","secretin",3.04595170000905,8.3998100016327,14.2891950371129,2.0471983155941e-07,1.25193370222979e-05,7.87990172457519,10.3469146442717,9.90988366903952,9.59614579855901,9.83819929467867,7.15126133407241,6.85775338458471,6.61335264076298,6.8849692470926
"10446282","10446282","Adgre1","adhesion G protein-coupled receptor E1",-3.84043663886684,7.7101109652593,-14.1688523221231,2.2000176192443e-07,1.29509646473262e-05,7.80756908211994,5.22692813250225,5.87130344324804,5.54520108674591,6.51613792080734,9.5934726099597,9.764026531953,9.59425686623942,9.56956113061874
"10565156","10565156","Homer2","homer scaffolding protein 2",3.16486704858988,8.82648661130318,14.1183129609299,2.26793182067156e-07,1.31762391855879e-05,7.77699139090956,10.75535941125,10.3213765964969,10.046300633357,10.5126439012886,7.24744845726538,7.6528760548823,7.00494758723911,7.07094024864618
"10593499","10593499","AI593442","expressed sequence AI593442",3.37804826364865,8.02716193051407,14.0609165195568,2.34789305809727e-07,1.32832169963871e-05,7.74211970448205,10.0517128668333,9.26186299792807,9.40871302376084,10.1424553608314,6.16577857931439,6.34983202371409,6.5143095648651,6.32263102686539
"10514240","10514240","Slc24a2","solute carrier family 24 (sodium/potassium/calcium exchanger), member 2",3.4602643070186,7.21633274328576,13.9959951501506,2.44212547048413e-07,1.35034232408917e-05,7.70248871078141,9.50852473708068,8.34802100802418,8.82592722020739,9.10338662186797,5.49410531205477,5.51673650654908,5.49624552399698,5.43771501650499
"10358515","10358515","Hmcn1","hemicentin 1",-3.26262803083242,6.39833553316763,-13.8278475428376,2.70627822764987e-07,1.47313941536733e-05,7.59890787126675,4.96528500540272,4.90660854272436,4.32718913236842,4.86900339051017,8.13910727916797,8.02276027288852,8.39079822821321,7.56593241406566
"10380067","10380067","Sept4","septin 4",3.3362346776663,8.34743197507018,13.8135401981893,2.73017673909854e-07,1.47313941536733e-05,7.59003144240899,10.4688651639276,9.73868164139342,9.82094850741996,10.0337019428724,6.56397213692913,6.71045600463646,7.1270378430946,6.31579256028792
"10601701","10601701","Tmem35a","transmembrane protein 35A",3.0608401262469,8.05248880725119,13.7245233310801,2.88422703515575e-07,1.53520324044907e-05,7.53458027723218,9.00514723774269,9.85456619935664,9.85785717077495,9.61406487362428,6.61528744121114,6.39738584348445,6.5936372627037,6.48196442911168
"10362363","10362363","Soga3","SOGA family member 3",3.79695574648107,7.48599113435889,13.6676248226089,2.98773023442161e-07,1.55309555870022e-05,7.49893293592517,9.68488557191061,9.2647641839037,9.06046067159468,9.52776560298871,5.34084693666323,6.27890370073871,5.10738049305463,5.62292191401684
"10397645","10397645","Gpr65","G-protein coupled receptor 65",-3.07057076795835,6.59711654623447,-13.5835030030643,3.14837846486829e-07,1.60151530422878e-05,7.44593636422333,5.31292314718281,4.96179229740947,4.72019304328716,5.25241616114173,8.02313484480508,7.73122924840964,8.45828469938406,8.31695892825578
"10428388","10428388","Rspo2","R-spondin 2",-3.31116975757571,8.99401682450445,-13.5811823674354,3.15294384340237e-07,1.60151530422878e-05,7.44446937500956,7.92655383947748,7.50833732239281,6.86318193320733,7.05565468778876,10.6606760865864,10.5943672417116,10.7043784030681,10.6389850818031
"10435704","10435704","Cd80","CD80 antigen",-3.03920213119593,7.1033517799012,-13.4798343517113,3.35966584569762e-07,1.68414300058362e-05,7.38013873995107,5.67688421800643,5.3217151183211,5.43572632572759,5.90067719515783,8.8763190169583,8.44895027134166,8.92766894587375,8.23887314782294
"10522208","10522208","Uchl1","ubiquitin carboxy-terminal hydrolase L1",3.31702872974731,9.77492734437629,13.4560407819258,3.410346946845e-07,1.68414300058362e-05,7.36496071371056,12.0941452516545,11.170845744219,11.0476513630411,11.4211244780851,8.25022986501176,7.94805871296064,8.20077381790832,8.06658952212982
"10358662","10358662","Hmcn1","hemicentin 1",-3.23644551213318,8.37336229985817,-13.2886694708736,3.79174054991291e-07,1.75436902658046e-05,7.25737765661124,6.7466424983209,6.52945868284964,6.3243128583695,7.42014413562626,10.0455556265411,9.97088088189198,9.94401722848798,10.005886486778
"10523128","10523128","Ppbp","pro-platelet basic protein",-3.75742840108907,7.16008576458143,-13.2076550103944,3.99313983836697e-07,1.75436902658046e-05,7.20478414699277,5.35716704506022,5.05541781976908,5.45066549279539,5.26223589852289,8.90202823364615,8.38858699695414,9.77159642781145,9.09298820209213
"10606789","10606789","Tceal6","transcription elongation factor A (SII)-like 6",3.60458630804028,6.62107197699693,13.201908475991,4.00786940172038e-07,1.75436902658046e-05,7.20104058188328,8.669970202166,7.88089944495501,8.48266395488652,8.65992692206075,4.56240022812546,5.32837345992245,4.39035099467124,4.99399060918799
"10598493","10598493","Pcsk1n","proprotein convertase subtilisin/kexin type 1 inhibitor",3.26360523023536,9.11227520418035,13.1913991205949,4.03496302355017e-07,1.75436902658046e-05,7.19418982001705,11.3976351171972,10.7122616367236,10.6169022273512,10.24951229592,7.513155683364,7.33376773325374,7.54583739963841,7.5291295399945
"10560242","10560242","C5ar1","complement component 5a receptor 1",-3.21374573334329,8.01208935342227,-13.1771994012963,4.07189342274485e-07,1.75436902658046e-05,7.18492422055371,5.78631425127869,6.71264188013474,6.29375581043622,6.82815400515284,9.68136721048696,9.68580102923186,9.58599534096355,9.52268529969327
"10550400","10550400","Pnmal2","PNMA-like 2",3.96096434525382,8.93527331274533,13.1419564610962,4.16518125632321e-07,1.7547059804482e-05,7.16188174741264,11.6297599875315,10.6932215923837,10.4414744292371,10.8985659323367,6.59876992567503,7.38490844024152,7.18561662092457,6.64986957363256
"10358457","10358457","Bex4","brain expressed X-linked 4",3.95725278101615,6.7456915096804,13.0994631744124,4.28082291007272e-07,1.79491673809606e-05,7.13401180540698,9.08385769152169,8.10383167881442,8.2837950287878,9.42578720162999,4.93184245229841,4.7653609869073,4.75314861846476,4.61790841901882
"10595211","10595211","Col12a1","collagen, type XII, alpha 1",-3.40802605932628,10.1847839467601,-13.0846465020338,4.32197786369921e-07,1.80233925378301e-05,7.12427157490533,7.76920464867259,8.77624006091969,8.42168655610056,8.95595240269495,11.9805693842611,11.8738011422864,11.8725913607726,11.8282260183727
"10599187","10599187","Zcchc12","zinc finger, CCHC domain containing 12",3.74741298414934,7.54498980858271,13.0248182709352,4.49267326865078e-07,1.84033975507082e-05,7.08482278717272,10.1521845385585,8.99072755309903,9.02228414526392,9.50958896570808,5.61211577120891,5.32477156514817,5.93522113806238,5.81302479161271
"10476355","10476355","Chgb","chromogranin B",4.91515511483389,8.49766779219394,12.9884810153456,4.59998474107984e-07,1.86708969696159e-05,7.06076986686536,11.8072219184343,10.1570632855278,10.3080829702539,11.5486132242276,6.09199074265275,6.15640074471206,5.90568834359206,6.00628110815111
"10463732","10463732","Ina","internexin neuronal intermediate filament protein, alpha",3.98084655154627,8.14855551925766,12.9770346825249,4.63437383774379e-07,1.87249768380475e-05,7.05317846167281,10.6689851534429,9.79555077225482,9.58761038518213,10.5037688692433,5.9134655446537,6.24180295567334,5.80014582087311,6.67711465273794
"10368289","10368289","Enpp1","ectonucleotide pyrophosphatase/phosphodiesterase 1",-3.2118762843342,8.97577530232094,-12.8963184523052,4.88511708624145e-07,1.93856275801787e-05,6.99944546768335,6.90562637694546,7.12013884791135,7.45627238850509,7.99731102725343,10.5075522580932,10.4805461935106,10.7754511420548,10.5633041842936
"10489179","10489179","Ghrh","growth hormone releasing hormone",5.5426199166903,9.60274937509245,12.7729646607188,5.29785045944904e-07,2.05264306849556e-05,6.91664365227856,10.9672735639388,12.9454115936311,13.0732657046727,12.5102864715078,6.66174597435299,7.16584179887177,6.75965407675596,6.73851581700846
"10406229","10406229","Pcsk1","proprotein convertase subtilisin/kexin type 1",3.85598194764825,7.5987824612719,12.7339983738848,5.43614469254004e-07,2.0918567174021e-05,6.89031351600048,8.77954588468175,9.72873252563655,9.46323414540808,10.1355811846577,5.58329705398089,5.47103714879496,5.50214013554564,6.12669161146959
"10409999","10409999","Fbp2","fructose bisphosphatase 2",3.72540673419026,8.14427198569178,12.7145989813273,5.50648155899539e-07,2.09614647484009e-05,6.87717368532445,10.349344347697,9.75235045239744,9.84669768355519,10.079508927498,5.50813535487855,6.84677704753988,6.35478016980773,6.41658190216047
"10360070","10360070","Fcer1g","Fc receptor, IgE, high affinity I, gamma polypeptide",-3.16598713411956,8.4998364861649,-12.7114382723775,5.5180366195588e-07,2.09614647484009e-05,6.87503085612859,6.50425416662491,7.57858357724024,6.94160533506684,6.64292859748848,10.0411893427743,9.97261471435399,10.0502050147098,10.2673111410606
"10588283","10588283","Rab6b","RAB6B, member RAS oncogene family",3.49777264682041,9.14743518439017,12.5935357693993,5.96886440125557e-07,2.18342533591608e-05,6.79469924572544,11.3758941007586,10.6936118638674,10.4318703946359,11.0839096719395,7.97503615938196,7.35918022909881,7.13000657528941,7.12997248014966
"10555323","10555323","P4ha3","procollagen-proline, 2-oxoglutarate 4-dioxygenase (proline 4-hydroxylase), alpha polypeptide III",-3.08320673458891,8.16236359329364,-12.4273184065415,6.67527566271707e-07,2.38299298658201e-05,6.68011392328402,6.26657931359663,6.56299289577393,6.42097749259571,7.23249120203049,9.96863595290905,9.77767144829997,9.69067229189432,9.37888814924905
"10461723","10461723","Fam111a","family with sequence similarity 111, member A",-3.34777785530564,8.32832946206054,-12.4017859076802,6.79177131426671e-07,2.40196391662248e-05,6.66237237042732,6.42907453140117,6.99574713662384,6.11158845933403,7.08135201027183,9.91711525642688,9.62812257373482,10.3494410446948,10.1141946839969
"10569008","10569008","Cox8b","cytochrome c oxidase subunit VIIIb",5.7610448444273,9.3997723277346,12.2546775994055,7.50841664327372e-07,2.55717684069196e-05,6.55941462744753,12.7895819838173,12.1387408908344,12.2714798212371,11.9213763039041,6.05449910795077,6.09087238566973,5.88426530504029,8.04736282342302
"10603843","10603843","Syn1","synapsin I",3.22630501439157,7.68563731995622,12.2439774875089,7.56372056225593e-07,2.56617985030126e-05,6.55187642292519,10.0211237697074,8.98631102344138,8.82729792311711,9.36042659234211,6.01247286931339,6.16561139421104,6.10771242053231,6.00414256698499
"10387536","10387536","Cd68","CD68 antigen",-3.35450489987273,9.48732602349283,-12.176541530705,7.92281664964087e-07,2.63070301284578e-05,6.50421217373161,7.88630282599769,8.23240858794055,8.12391626909727,6.99766661119034,11.0840193657472,11.0648243189892,11.2181875194715,11.2912826895088
"10476592","10476592","Macrod2","MACRO domain containing 2",3.12834438943275,8.87812526813079,12.1525431507656,8.05512836461454e-07,2.66178572613601e-05,6.48718478232235,10.9546307000426,10.2179326010589,10.1375859263594,10.4590406239278,7.46497704869296,7.60496994862813,7.40638736218338,6.77947793415317
"10358571","10358571","Hmcn1","hemicentin 1",-3.20031469531918,7.75526438426323,-12.0825676596078,8.45509965013328e-07,2.76313899963363e-05,6.43733898275308,5.81293794320288,5.81119127671032,6.07686448335534,6.91943444314603,9.2601188545306,9.54614761957466,9.32786753602191,9.28755291756412
"10595496","10595496","Snap91","synaptosomal-associated protein 91",3.46336281072421,8.7074447935476,11.9382462515291,9.35132131378396e-07,2.96272349211668e-05,6.33359992109334,9.68851647745604,10.8420829137554,10.9321720558366,10.2937333485908,6.72719330274599,7.24456139138142,6.95863732672116,6.97266153189341
"10381574","10381574","Rundc3a","RUN domain containing 3A",3.05217430354748,8.59015687305875,11.8848586647952,9.70909185602498e-07,3.02821464941074e-05,6.29490204719538,10.8494364195926,10.0040042982311,9.92885158903834,9.68268379246786,7.12673481050177,7.05102618111794,7.1476863111945,6.93083158232582
"10375019","10375019","Nsg2","neuron specific gene family member 2",3.24247485588609,8.04350295475365,11.8797454572061,9.74414455147735e-07,3.02852101112176e-05,6.29118652792057,10.3952884366864,9.18263399336419,9.31727711308087,9.76376198765538,6.31888258960695,6.61353647644638,6.32577152310617,6.43087151808293
"10541614","10541614","Clec4d","C-type lectin domain family 4, member d",-3.5019800870406,7.40142962024621,-11.8276298193446,1.01095136783692e-06,3.08809165247505e-05,6.25322423324388,5.11592793977392,5.41957247188191,5.60088572806579,6.46537216718202,9.01199637382129,9.0276201325149,9.05014203314426,9.51992011558558
"10512807","10512807","Gabbr2","gamma-aminobutyric acid (GABA) B receptor, 2",3.07581843992054,7.91754568047067,11.7999047856101,1.03100458200466e-06,3.13856155117787e-05,6.23295981690935,10.1018122591643,9.19282005430087,8.89738935420495,9.62979793405362,6.32429914382507,6.43536863639133,6.34318998818503,6.41568807364016
"10456237","10456237","St8sia3","ST8 alpha-N-acetyl-neuraminide alpha-2,8-sialyltransferase 3",3.71133762343441,7.80586998613908,11.71010414034,1.09903955757975e-06,3.25645420910879e-05,6.16699330534694,10.3671420977514,9.30676251617493,9.03105488375498,9.94119569374386,5.46652556941213,6.11030729744639,6.08748047061932,6.13649136020965
"10533401","10533401","Cux2","cut-like homeobox 2",3.78985672667158,7.73795075476477,11.6176901002783,1.17428163631181e-06,3.40006171504094e-05,6.09857464149508,9.28106136236814,9.46529452356791,9.77207752768103,10.0130830587851,5.05542305302491,6.22738302150852,6.4648032696625,5.62448022151997
"10358559","10358559","Hmcn1","hemicentin 1",-3.14290662115011,8.18392183683152,-11.5111272188237,1.2681999847749e-06,3.59175344790723e-05,6.01900194748424,6.41671084296147,6.16346133747606,6.51330091251071,7.35640101207762,9.52474490360661,9.96410781593105,9.93063855016799,9.60200931992064
"10534667","10534667","Serpine1","serine (or cysteine) peptidase inhibitor, clade E, member 1",-3.16889710701462,9.22842563602251,-11.4535486141353,1.32238320460701e-06,3.68484774474975e-05,5.97570074215687,7.5972830928552,8.39746781527915,7.56935212642434,7.01180529550212,10.8755527639317,10.791198132988,10.7243739925036,10.860371868696
"10472860","10472860","Rapgef4","Rap guanine nucleotide exchange factor (GEF) 4",3.05745739309767,7.55974261819681,11.4214859503846,1.35366177830909e-06,3.74850453189705e-05,5.95149455863012,9.60828754908615,8.57119021457886,8.95755871298817,9.21684878232941,6.07702919383946,6.28630206583274,5.54943964256943,6.21128478435029
"10490665","10490665","Stmn3","stathmin-like 3",3.62729337626078,8.08762813165239,11.3953511188793,1.37976334724651e-06,3.78540629434389e-05,5.93171373513094,10.6152678266105,9.61140998683792,9.1944966378711,10.1839248278116,5.99187690800798,6.67384843797968,6.28007052139932,6.15012990670101
"10361023","10361023","Prox1","prospero homeobox 1",3.82902042933187,7.71423223755497,11.3240426616701,1.45385707500843e-06,3.92806551360179e-05,5.87751259145841,9.85929590289837,9.41993220920189,9.40397442846286,9.83176726832053,5.89667712010625,6.74282389186921,5.15694811521,5.40243896437069
"10384015","10384015","Pgam2","phosphoglycerate mutase 2",3.11591184915184,8.53068875741618,11.2926819625346,1.48782720817616e-06,4.00766547075088e-05,5.85356855147524,10.7134025251831,9.99471435690998,10.2115038336491,9.43495801222624,7.13212405039256,7.09322653777383,7.00835462905136,6.65722611414332
"10385466","10385466","Sgcd","sarcoglycan, delta (dystrophin-associated glycoprotein)",-3.03349985066452,7.91269877750766,-11.2706446709854,1.51222317614459e-06,4.04884090745459e-05,5.83670366865785,6.31667900173014,5.91756894500677,6.18152174800117,7.16802571396352,9.34551357258949,9.33541578701966,9.5817381761686,9.45512727558194
"10358666","10358666","Hmcn1","hemicentin 1",-3.54808018563632,8.95747807294788,-11.1301264136789,1.67858471279495e-06,4.32491000348821e-05,5.72839698784669,6.82826133667792,7.26416821269509,6.53699756159307,8.10432480955278,10.7435735196831,10.6260996525233,10.8760871594484,10.6803123314093
"10358557","10358557","Hmcn1","hemicentin 1",-3.08475394593326,6.9699055870619,-11.0813200113334,1.74102407384844e-06,4.42170371212536e-05,5.69046433624871,5.54614487308446,5.14016495293064,4.98373890576673,6.04006572459925,8.66207135198513,8.03295750128327,8.80163738830708,8.55246399853866
"10457929","10457929","Rit2","Ras-like without CAAX 2",4.07518456558254,7.60808678525681,11.0516041736866,1.78029579724699e-06,4.47035292139222e-05,5.66728882959277,10.4459621912061,8.86745913215218,9.08461621575238,10.1846787330817,5.25957859745013,5.72574592262869,5.81711259289743,5.47954089688592
"10476588","10476588","Macrod2","MACRO domain containing 2",3.01856907953428,7.723865737671,11.0107460920073,1.83590134157074e-06,4.5470434375632e-05,5.63532383615921,9.31683869621357,9.05266869713391,9.23295406815241,9.33013964825267,6.25940392101482,6.71369029431639,6.45102673948257,5.43420383680166
"10545041","10545041","Nap1l5","nucleosome assembly protein 1-like 5",3.92445600400101,8.38620094014902,10.9666566818924,1.89806786770544e-06,4.64791329918283e-05,5.60070079244085,11.0426629800843,9.62363534750006,9.75705633348408,10.9703611075297,6.1187957545144,6.653303152385,6.39542417262685,6.5283686730678
"10498885","10498885","Gria2","glutamate receptor, ionotropic, AMPA2 (alpha 2)",3.55449915524086,6.35244034530932,10.9470656564916,1.92643529066868e-06,4.70441848866864e-05,5.58527259963998,8.66709876393565,7.61304970454044,7.57386899508063,8.66474222816229,4.92966066873673,4.71918509450025,4.12697168758609,4.52494561993249
"10368495","10368495","Rspo3","R-spondin 3",-3.36432153694487,8.98225196383161,-10.9177204473598,1.96980747006113e-06,4.78404879818946e-05,5.56211254444631,6.63862481604531,6.91059249874662,7.56279532472662,8.08835214191814,10.7293419692788,10.6060147140992,10.7798229858383,10.5424712599999
"10542355","10542355","Emp1","epithelial membrane protein 1",-3.16939447246595,9.28077982903,-10.905540869392,1.98812495627242e-06,4.81537949218134e-05,5.55248231381587,6.95844170282306,8.43795358107757,7.81850769417406,7.56942739311342,10.8436203136445,10.8328443495284,10.8690181876616,10.9164254102175
"10431051","10431051","Scube1","signal peptide, CUB domain, EGF-like 1",3.30664297449562,8.54813224813045,10.887120882373,2.01618649931158e-06,4.8568785345205e-05,5.53789801757529,11.0575618434549,9.77407912928656,9.91922355990048,10.0549504088712,6.54223443191231,6.80279448234908,7.21494625357995,7.01926787568922
"10527732","10527732","Fry","FRY microtubule binding protein",3.02980566724452,7.70094290532589,10.8431863891566,2.08490187766507e-06,4.93861865098204e-05,5.50301539365756,9.97317885639956,8.89259825284638,8.78422438021392,9.21338146633274,5.87139035434682,6.37730824309906,6.18024180115573,6.31521988821292
"10423230","10423230","Cdh9","cadherin 9",3.66923659702349,6.90718722765083,10.7983504941955,2.15770649068754e-06,5.01917379687055e-05,5.46727569766399,7.82892222222952,8.75182391362541,8.77460010866558,9.61187586012977,4.91862740841731,4.93218548108991,5.2164095782143,5.2230532488348
"10577996","10577996","Unc5d","unc-5 netrin receptor D",3.51895079165122,8.79035689544509,10.544241795791,2.62730038787291e-06,5.62748750549453e-05,5.26197854342623,9.57552478557484,10.7150817351127,10.9978764553484,10.9108461890469,7.02308561603192,6.74644111025924,6.88146000297701,7.47253926920974
"10461622","10461622","Ms4a6b","membrane-spanning 4-domains, subfamily A, member 6B",-3.19151583781061,7.04877231545044,-10.4584503927869,2.81051580856787e-06,5.81021187118859e-05,5.19159555527561,4.91097813972245,6.33896975743182,5.10469230794283,5.45741738108341,8.7949665802315,8.50185891969424,8.49943405011547,8.78186138738176
"10358519","10358519","Hmcn1","hemicentin 1",-3.24701002959293,7.04224763624452,-10.4208865129818,2.89514386258942e-06,5.92970824759385e-05,5.16060506128175,4.71602074470379,5.51212986647455,5.65284833848009,5.79397153613378,8.8901035622131,8.89179978868566,8.91599962855492,7.96510762471025
"10358668","10358668","Hmcn1","hemicentin 1",-3.78900460226905,9.0852236797451,-10.3900250420251,2.9667807390996e-06,6.04253435757892e-05,5.13506460304111,6.67821010271483,6.8635214676114,6.84765196637558,8.3735019777405,11.1525040396662,10.816247336227,11.1258861487732,10.8242663988521
"10358521","10358521","Hmcn1","hemicentin 1",-3.60351616052037,7.69380728173514,-10.3450329620228,3.07475177910647e-06,6.2116974010176e-05,5.09770070952751,5.45407031757777,5.68954874800739,5.46014432813645,6.96443341217823,9.30401998523464,9.30554126413259,9.50293402907627,9.8697661695378
"10358658","10358658","Hmcn1","hemicentin 1",-3.40808863643954,8.02386567524205,-10.3066891014077,3.17020028134812e-06,6.33256411256257e-05,5.06573627411524,5.95687409557968,5.56977571243091,6.70391228608035,7.04872333399819,9.61928608957603,9.41886821258563,9.97087170777563,9.90261396391001
"10604175","10604175","Tmem255a","transmembrane protein 255A",3.08342558577234,8.16876285401505,10.2591526860837,3.29310403939234e-06,6.49055472420366e-05,5.02595239397561,10.323026204291,9.26442584483975,9.55954615105806,9.69490438741609,6.23077246295405,6.24181902001035,6.90476778960565,7.13084097194547
"10469255","10469255","Prkcq","protein kinase C, theta",4.07732797411625,7.41039567261148,10.2138617386469,3.41511438386392e-06,6.63220915743804e-05,4.9878858294247,8.17847778252573,9.80282772081099,10.1096038576488,9.70532927769289,5.50284834653744,5.44835601298583,4.97718488115394,5.55853750153619
"10358605","10358605","Hmcn1","hemicentin 1",-3.09319642107642,7.50073945815256,-10.2131020492204,3.41720305333178e-06,6.63220915743804e-05,4.98724596494673,5.83141088030364,5.88659749944689,5.53983225145795,6.55872435924892,8.9812097690351,8.42478228782517,9.20145178211448,9.58190683578835
"10363224","10363224","Fabp7","fatty acid binding protein 7, brain",3.95868246797513,8.83548573789337,10.1883747332039,3.48596407301777e-06,6.7340519062472e-05,4.96639439630189,10.9061299300745,10.2113149467045,10.5542744000728,11.5875886106719,7.1431733409217,7.10041168560459,7.29260821135123,5.88838477774567
"10426397","10426397","Cntn1","contactin 1",3.24990843775131,7.54930588544478,10.184590857398,3.49662034185245e-06,6.7340519062472e-05,4.96319940978517,9.11724122566833,9.00250485004609,8.64816866897405,9.92912567259325,6.40340546335387,5.57016072505244,6.17407538870048,5.54976508916973
"10481627","10481627","Lcn2","lipocalin 2",3.34569927430985,8.35574907345346,10.0992026036178,3.74692213251702e-06,6.99792135472466e-05,4.89080266998605,10.2575329335713,10.7448166536492,10.0019385003664,9.11010675484667,6.60628258067385,6.96845896154623,6.74906753071626,6.40778867225779
"10366229","10366229","Lin7a","lin-7 homolog A (C. elegans)",3.76689292244792,8.01709177515294,10.0932394189549,3.76512755025249e-06,7.01639807006172e-05,4.88572537806127,8.71160681341558,10.1711149589849,10.3646221890699,10.3548089840372,5.83325994834921,6.2361059819,6.04405607911073,6.42115924635598
"10503416","10503416","Calb1","calbindin 1",5.80159779691141,7.41962066187557,10.0613787309872,3.86406737634486e-06,7.14089291233461e-05,4.85855034294737,8.36764676169974,10.7413256755013,11.00975633965,11.1629494644741,4.58663622883301,4.23494267842077,4.28394380742258,4.9697643390031
"10545086","10545086","Snca","synuclein, alpha",3.45971329406628,8.66887679467531,10.0329890937253,3.95465087025379e-06,7.18096181581052e-05,4.834268133991,10.8759915233192,9.8571125441338,9.79459149006219,11.0672382093186,7.46061706582099,6.77801390482692,6.90589916552875,6.61155045439201
"10352234","10352234","Itpkb","inositol 1,4,5-trisphosphate 3-kinase B",3.00817250828541,8.90580758046468,9.8430457234461,4.62455874052232e-06,7.93584993137122e-05,4.67014373836871,11.1597214814188,10.0548443414541,10.1922886483579,10.2327208671987,7.55877387213071,7.91930370734613,7.04580994684816,7.0829977789629
"10598359","10598359","Syp","synaptophysin",3.82582099741398,8.59729276665807,9.83441585412481,4.65783924324681e-06,7.97755935129498e-05,4.66261750067762,11.5510708331581,10.4641438086051,9.94566782810397,10.0799305915931,6.64626674477177,6.63516009357353,6.12963460124455,7.32646763221447
"10575880","10575880","Necab2","N-terminal EF-hand calcium binding protein 2",3.74182243965636,8.18530439976775,9.80542492633776,4.77159129702929e-06,8.04832543440101e-05,4.6372894154421,11.2396833483731,9.54589083478454,9.32485243916426,10.1144358560618,6.28065219735688,6.28671672262552,6.27798537611738,6.41221842365852
"10485546","10485546","D430041D05Rik","RIKEN cDNA D430041D05 gene",3.08657664361069,7.97951179761668,9.71279950950925,5.15607752491437e-06,8.47178800720218e-05,4.5559025170304,8.57958028276723,9.9566155842066,9.89975909063508,9.6552455200792,6.25703094897587,6.28236470906233,6.4111917828681,6.79430646233905
"10358664","10358664","Hmcn1","hemicentin 1",-4.22823371979317,8.20433377213243,-9.64639042289341,5.45276949620874e-06,8.81266691850899e-05,4.49711192073302,5.53549575492718,5.29558005071678,6.02345613013189,7.50633571316753,10.3238948268129,10.0790531853927,10.4617016380368,10.4091528778737
"10492628","10492628","Serpini1","serine (or cysteine) peptidase inhibitor, clade I, member 1",3.08952821418158,7.75071842150519,9.54554678890669,5.93997645100316e-06,9.34521250848975e-05,4.40712709116738,8.99603872180393,8.90498266294967,8.99610877367649,10.2847999559538,5.89913369763584,6.2562461177637,6.49034289633328,6.17809454592476
"10394240","10394240","Pomc","pro-opiomelanocortin-alpha",4.32216315739487,8.68519438758909,9.52707948004407,6.03430004371972e-06,9.46012223785266e-05,4.3905547508862,12.3701630894319,10.3259018679262,10.5929505719478,10.0960883358402,6.68589128695424,6.59033654223379,6.43096260235919,6.3892608040194
"10431711","10431711","Slc2a13","solute carrier family 2 (facilitated glucose transporter), member 13",3.01219688873884,9.71215086833775,9.42367837527712,6.59392593929496e-06,9.95134255931968e-05,4.29722287430452,10.1815261244329,11.5869339348486,11.5741476914407,11.5303895001065,8.20494198785541,8.20157477025998,8.14472283450518,8.27297010325275
"10474814","10474814","Disp2","dispatched RND tramsporter family member 2",3.41147670203854,7.97732155811205,9.33911790222485,7.09425454112026e-06,0.000104215091198461,4.22020778431998,10.8394197745369,9.34634086777001,9.18042757260594,9.36605142161245,6.21131652147782,6.29113495538737,5.98544314865837,6.59843820284757
"10536324","10536324","Asb4","ankyrin repeat and SOCS box-containing 4",3.21173221772331,8.17936267287095,9.31053990048908,7.27269758035039e-06,0.000106152723795952,4.1940381594435,8.87868381670866,9.934451733275,9.83558266488556,10.4921969120612,6.41167877255477,6.2901658441496,7.10336827251971,6.48877336681311
"10458685","10458685","Jakmip2","janus kinase and microtubule interacting protein 2",3.09949511662883,7.32165259810584,9.25453950815563,7.63689786734558e-06,0.0001096678273713,4.14254792324775,9.48662238890601,8.0199554218962,8.54491768118851,9.4341051336903,5.7493807158705,5.71227431782947,5.60573421909825,6.02023090636749
"10344973","10344973","Gdap1","ganglioside-induced differentiation-associated-protein 1",3.01848706512049,7.39807137238746,9.20511336786127,7.97509684790764e-06,0.00011270371364237,4.09687080444937,9.27567093392418,8.08623002901884,8.6346944486505,9.63266420819729,5.97836299099987,5.97619425765454,6.01977563522943,5.58097847542504
"10453518","10453518","Nrxn1","neurexin I",3.35751403601797,7.41595726419449,9.14539236246988,8.40595071089686e-06,0.000117254974443032,4.04138758761568,9.89070247246985,8.57511514133469,8.2610651635292,9.65197435148016,5.57140031390872,5.98456249492343,5.59862387576099,5.79421430014887
"10486201","10486201","Gm14207","predicted gene 14207",3.20414921549591,7.02042040766338,9.11261817609551,8.65325830503369e-06,0.000119439150735162,4.01080226594029,9.40577491013487,8.02596104139601,8.08825495140104,8.96998915871343,4.92355024688815,5.32263728908827,5.61596672814424,5.81122893554106
"10425726","10425726","Sept3","septin 3",3.06766534832658,7.98240926594363,8.93628302216128,1.01293406451209e-05,0.000132023033716246,3.84455827058468,10.3505426373726,8.90086675620481,9.02456851840713,9.78898984844313,6.91639161107028,6.44981341008872,6.23278057881794,6.1953207671444
"10575693","10575693","Vat1l","vesicle amine transport protein 1 like",3.21155545617615,8.65912896774574,8.8055841178908,1.14024571810353e-05,0.000141618948956661,3.71947396140392,11.2140611777164,9.65990313947453,9.82631188207402,10.3593505840703,7.39743843237744,6.45087261966967,7.12749193987489,7.23760196670865
"10529977","10529977","Ppargc1a","peroxisome proliferative activated receptor, gamma, coactivator 1 alpha",3.01523527430618,6.75442253356072,8.6232704002077,1.34824772482851e-05,0.000159184496224818,3.54227631186392,7.24200856531347,8.46739164933788,8.74635017987116,8.59241028833273,4.97907250037249,4.92581873763739,5.43083731058927,5.65149103703134
"10358670","10358670","Hmcn1","hemicentin 1",-3.62843714347531,9.03332403202308,-8.62308871160923,1.3484748077094e-05,0.000159184496224818,3.54209811968243,6.64072637462339,6.79935262891874,6.81401114479458,8.62233169280499,10.9753383773949,10.7143112646921,11.0629141565335,10.6376066164225
"10416090","10416090","Stmn4","stathmin-like 4",3.2690217014878,8.03703075465042,8.57637969776525,1.40827550674086e-05,0.000163850274599731,3.49618096403002,10.4952355401021,8.87350681038181,9.01023911345074,10.3071849576426,6.49819817389481,6.42868712033231,6.21473227509073,6.46846204630822
"10456363","10456363","Gnal","guanine nucleotide binding protein, alpha stimulating, olfactory type",3.13847214187298,7.28472205210905,8.54235234100852,1.45367787679566e-05,0.000167597180892823,3.46259571868116,7.78018527858948,9.09436628863973,8.93603006135473,9.60525086359824,5.50467135298755,5.53522772146437,6.12129873995857,5.70074611027974
"10358619","10358619","Hmcn1","hemicentin 1",-3.29699714365559,8.13183487894986,-8.5347252320078,1.46407426547964e-05,0.000168141552271945,3.45505205678765,6.32545512227597,6.23619120090257,5.8031039002859,7.56859500502382,9.83345240966191,9.92115681561024,10.1873293466539,9.17939523118452
"10494372","10494372","Sv2a","synaptic vesicle glycoprotein 2 a",3.48749485279477,8.31731568398819,8.52649465462015,1.47538514382594e-05,0.00016900384720965,3.44690508386118,11.0166545535135,9.7650556974872,9.2444154483087,10.2181267422329,6.7767185591127,5.79432916252623,7.07241276699485,6.65081254172943
"10476594","10476594","Macrod2","MACRO domain containing 2",3.49241135087316,7.39531284161946,8.49408318058895,1.52087120621418e-05,0.000173098900794339,3.41475763800444,9.71306915382312,8.50294902529309,8.75416086731811,9.59589502178986,6.1076849089564,6.3223325081409,5.42360958600777,4.74280166162645
"10395428","10395428","Dgkb","diacylglycerol kinase, beta",3.03500105710172,6.79031068281576,8.48385120534913,1.53554958886112e-05,0.000174323119992164,3.4045873635819,8.9237414786812,7.65482673233881,7.62072754564183,9.03194908880466,5.11988487034575,5.53162655541048,5.24810664735746,5.19162254394592
"10501063","10501063","Cd53","CD53 antigen",-3.1849274413056,8.0657951866396,-8.47152087629373,1.55344573694769e-05,0.000175458439081678,3.39231754784757,5.28594533202651,6.92058143043221,6.99421434094863,6.69258476053983,9.66702787791087,9.29569667282528,9.91556269589089,9.75474838254256
"10571815","10571815","Gpm6a","glycoprotein m6a",4.02589368460307,7.60917517444557,8.45020560543483,1.58492650200334e-05,0.000177626402810479,3.37107112922956,10.1161449541892,9.0031017301736,8.46379675324353,10.9054446293821,5.469434551456,5.71079032890281,5.66060287208009,5.54408557613724
"10358567","10358567","Hmcn1","hemicentin 1",-3.13057238547626,7.37292144866987,-8.42102414092061,1.62916935036645e-05,0.000179847499906758,3.34191023291804,5.20058555535908,5.10811939298703,6.07921295637397,6.84262311900688,9.10022964028635,8.87278782808007,9.03617488505306,8.74363821221248
"10358591","10358591","Hmcn1","hemicentin 1",-3.34039123835122,8.4466675902667,-8.41581455924318,1.63720983483049e-05,0.00018011334432931,3.33669533895846,6.51598209738602,6.66862877650378,5.91985365935084,8.00142335112372,10.2406542382265,10.2577478492934,9.84473980855467,10.1243109416946
"10358656","10358656","Hmcn1","hemicentin 1",-3.46920931304021,9.15032087192413,-8.2403051551109,1.93535806329899e-05,0.000206570659859267,3.15940016775313,7.2796442124208,6.71878815271857,6.91088680724767,8.75354568922906,10.6123975093868,11.1036190178737,11.134683113446,10.6890024730704
"10555510","10555510","Pde2a","phosphodiesterase 2A, cGMP-stimulated",3.13799973542645,7.93410000093637,8.23918187180205,1.93744902761116e-05,0.000206570659859267,3.15825531521041,10.6512048157179,8.78674891572386,8.95591025404367,9.61853548911291,6.53030858655213,6.38903410900486,6.3488388261234,6.1922190112122
"10358660","10358660","Hmcn1","hemicentin 1",-3.32094052343267,6.97768495100299,-8.23632792209426,1.94277277131677e-05,0.000206570659859267,3.15534597893554,5.03004875798561,4.37133035409705,5.49585935206636,6.3716202929976,8.46097844352766,8.21479722124627,8.95099134464799,8.9258538414554
"10553501","10553501","Slc17a6","solute carrier family 17 (sodium-dependent inorganic phosphate cotransporter), member 6",3.31874128688031,7.66754754288502,8.21936007718538,1.97475864511537e-05,0.000208878808439,3.13803148305945,9.87050161105724,8.89714464371431,8.40760681664085,10.1324196738883,6.54786953233629,5.96943040580173,6.01046474728073,5.50494291236069
"10513514","10513514","Mup5","major urinary protein 5",3.04651900562147,5.59854473104065,7.98725140569485,2.4757450396126e-05,0.000243174103526422,2.89816087865207,6.68680441710326,6.6717687057172,8.4002458125774,6.7283980000077,3.97691710014138,4.0055236499903,4.159350081394,4.159350081394
"10544704","10544704","Npvf","neuropeptide VF precursor",3.22022947347718,7.31104850397811,7.98387602183486,2.48399241761718e-05,0.000243174103526422,2.89463059013683,7.93336335201722,9.70370579807734,9.6787214051804,8.36886240759185,5.69508619913696,5.5531379529506,5.69619715058761,5.85931376628291
"10358654","10358654","Hmcn1","hemicentin 1",-3.61535109294346,8.96645192745367,-7.90144362673599,2.69508349109795e-05,0.000258152986555708,2.8080354133553,7.3392391701198,6.96967312833169,5.90772201041252,8.41847121506375,10.5110328048102,10.9823190208301,10.8548421787196,10.7483158913417
"10358583","10358583","Hmcn1","hemicentin 1",-3.99141979940586,9.05160786354483,-7.85054239970881,2.83523196084103e-05,0.00026725744326528,2.75419693955171,6.06341318623193,7.15327774847696,6.32658530732268,8.68031561333602,11.1172962496334,11.1817959698161,10.9266794796804,10.9634993538612
"10358589","10358589","Hmcn1","hemicentin 1",-3.17832519753007,8.86171142012755,-7.81099133639166,2.94966092380528e-05,0.000273120166163595,2.7121686555091,7.21177487374038,7.09797169099039,6.30437342314906,8.47607529757022,10.5989224834334,10.6230806603506,10.1453903402252,10.4361025915612
"10577641","10577641","Tcim","transcriptional and immune response regulator",3.83760009085409,9.27460543699932,7.76755644729816,3.08120458999355e-05,0.000281311532232303,2.66581562717781,9.53760278977102,11.7996687488243,11.8731179291395,11.5632324619707,7.57791758818413,6.97100738305328,7.57145940169907,7.30283719335263
"10416437","10416437","Lcp1","lymphocyte cytosolic protein 1",-3.28156893324762,8.36264767118106,-7.7329591804847,3.19059758033893e-05,0.00028734773953022,2.62874509557666,5.32332515270331,7.03015500464476,7.00266335919349,7.53130930168746,10.0709532203534,10.1183074798339,9.94793374093443,9.87653411009769
"10601942","10601942","Nrk","Nik related kinase",-3.26857009153443,8.87370454065743,-7.7056639795016,3.27991400424326e-05,0.000293690115738944,2.5994050084726,7.69497602436944,6.45314488130485,6.43853850995217,8.37101856393441,10.5276695269375,10.3370586082161,10.7070131939832,10.4602170165618
"10405063","10405063","Ogn","osteoglycin",-4.4247146902773,9.31673167286267,-7.68341362969116,3.3547554105403e-05,0.00029824972754787,2.57542637971367,7.23172696421175,6.14942421023062,6.08894351922345,8.94740261723028,11.4674137080524,11.2445253997416,11.743292531315,11.6611244328963
"10358587","10358587","Hmcn1","hemicentin 1",-3.3657307918438,6.11979841363667,-7.66560638051777,3.41600357249676e-05,0.000301606861336653,2.5561961492135,3.72247778338475,4.54018771762654,3.67406445570601,5.81100211414178,7.97146468361574,7.64018498740828,7.78171387184016,7.81729169537012
"10358555","10358555","Hmcn1","hemicentin 1",-3.0871466549424,8.00136995785038,-7.64491611903598,3.48871462423866e-05,0.000305528909308941,2.53380793516275,6.2879874329487,6.1348718593687,5.68312189361774,7.72520533558157,9.66861594064174,9.31707175053992,9.36400190346962,9.83008354663502
"10520527","10520527","Dpysl5","dihydropyrimidinase-like 5",3.01618578533633,7.94298811392223,7.50274193361069,4.03678325131688e-05,0.000337563182699489,2.37865889393924,10.7659622431053,8.94755692563466,8.80390322426844,9.28690163335311,6.41551177290621,6.65089016212908,6.35196078238457,6.32121816759638
"10603066","10603066","Ace2","angiotensin I converting enzyme (peptidyl-dipeptidase A) 2",3.86063514011234,7.3550307558901,7.48867680759283,4.09594289260122e-05,0.000340906707606108,2.36318508060784,7.83032714772205,10.1698496999622,10.2546162580601,8.88660019804077,5.07732236093163,5.20333769562584,5.77649414829314,5.64169853848512
"10358623","10358623","Hmcn1","hemicentin 1",-3.16063590452325,6.75553295802125,-7.38459484171787,4.56447155738251e-05,0.000368181376348214,2.24797025259716,4.47874901077128,5.16161882320205,4.51968109180093,6.54081109726423,8.31807199460639,8.33203316957318,8.12698976110654,8.5663087158454
"10358525","10358525","Hmcn1","hemicentin 1",-3.53790886096613,6.21900069275407,-7.36043159592544,4.68146117561941e-05,0.000373885969362812,2.2210427078393,4.2912579634141,3.7470596217972,3.89751598874722,5.8643514751255,8.41886570349311,7.75795973521153,8.45320536083035,7.32178969341357
"10358565","10358565","Hmcn1","hemicentin 1",-4.25108889619254,7.70493757835284,-7.20052127722468,5.5437563463631e-05,0.000419952626997551,2.041108425308,4.95066746232816,5.43569292786963,4.44384039053821,7.4873717402903,10.0524362087704,10.0653160075287,9.95492644639172,9.24924944310564
"10358650","10358650","Hmcn1","hemicentin 1",-3.42903740980892,8.61874874224886,-7.06551081996867,6.40822090286966e-05,0.000461631850288668,1.8868175297665,7.59126902447524,6.82758120574137,5.37164294376873,7.82642697539225,10.4726005638514,10.4773470701676,10.3429549140258,10.0401672405684
"10385096","10385096","Kcnip1","Kv channel-interacting protein 1",3.01849189259335,7.1058081580645,6.86001728168234,8.02098091682414e-05,0.000523015040231083,1.64771137387948,7.22405269298005,8.69927436876952,9.26040279405112,9.276486561644,5.62913244684601,5.81091052431195,5.77963675501862,5.16656912089473
"10498337","10498337","Clrn1","clarin 1",3.35604880899346,7.35997694329099,6.66839353889797,9.93207514806804e-05,0.000603872886396558,1.41999529960717,7.31225815142554,9.54804891649318,9.78991153012513,9.50178679310702,5.47899219254212,5.58196844666846,5.86192995251931,5.80491956344713
"10358581","10358581","Hmcn1","hemicentin 1",-4.22030812043554,8.30452582138791,-6.65631386913367,0.000100682403515204,0.000609234775252995,1.40548421660696,5.59558446497998,5.63116446712286,5.20412821070163,8.34660990187609,10.8636747885621,10.6218867590743,10.1088872687519,10.0642707100344
"10358561","10358561","Hmcn1","hemicentin 1",-3.7024869656608,7.84996605485739,-6.60309754233287,0.000106928969269499,0.000632396279332383,1.34133351199802,4.67354554347983,5.26190750494757,7.44073315724486,6.6187040824357,9.44403233942614,9.9309307878669,10.113133490985,9.31674153247313
"10547227","10547227","Ret","ret proto-oncogene",3.63946621558035,7.97186003805426,6.47553748529913,0.000123697137662534,0.000699455379568873,1.18607283672482,7.83199349250014,10.4608153952496,10.4020064065835,10.4715572890445,6.39404232225772,6.13062041995722,6.13976757427768,5.94407740456372
"10593233","10593233","Htr3a","5-hydroxytryptamine (serotonin) receptor 3A",3.2542081645925,7.38533773634812,6.36031924824052,0.000141333139052067,0.000763357357133635,1.04400468667938,10.5395829708029,8.04293671356078,8.10525624285781,9.361991347356,5.88389769076353,5.72997520278795,5.83027303040446,5.58878869225155
"10372648","10372648","Lyz2","lysozyme 2",-3.70905368812979,10.3365422178723,-6.25256037904042,0.000160334992844204,0.000838363383171841,0.909541905999502,6.47701524591452,9.33258597858967,8.60408707392429,9.51437319680109,12.2409252464173,12.3256865226703,12.1189488762106,12.0787156024505
"10358577","10358577","Hmcn1","hemicentin 1",-3.46281096382309,7.48262457665467,-6.19978869363419,0.000170643037601315,0.000873759194261572,0.843125760612875,5.02420557080624,5.0832341709353,5.20770577899943,7.68973085823153,9.40045384605454,9.32080634416539,9.20672964611825,8.92813039792671
"10358529","10358529","Hmcn1","hemicentin 1",-3.08621310677586,8.25033526113689,-6.18157377682835,0.000174367046463791,0.000886973267160642,0.820114172204988,7.04638759343782,5.99266881835812,5.70557148721714,8.08428693198274,10.2101762155952,10.047616603232,9.62780142077589,9.28817301849615
"10358563","10358563","Hmcn1","hemicentin 1",-3.13959512228812,8.46601538616483,-6.15542751961057,0.000179868392806383,0.000906377632458015,0.787004244239634,5.87771015247884,6.06924455582854,8.06124199936008,7.57667459241564,10.0144553444082,10.132271198934,10.5834558057104,9.4130694401829
"10502575","10502575","Clca3b","chloride channel accessory 3B",3.10815751343806,7.64689606956398,6.08194627024347,0.000196368502127765,0.000964375478129116,0.693455694637866,7.53952942039666,9.56837921819837,10.257512571355,9.43847809518201,6.01782325836619,6.13999531186358,6.40728830794597,5.80616237320406
"10405047","10405047","Aspn","asporin",-3.63324158297556,10.2030441092524,-6.04172652152123,0.000206092879518572,0.000998887462399449,0.641940509614778,8.2127885756207,7.09398630880381,7.86768837296292,10.371230013671,11.9673518459528,11.7532862073546,12.2053159985386,12.1527055511147
"10495186","10495186","AI504432","expressed sequence AI504432",3.06949767880337,7.59496016751196,6.03302455671323,0.000208265158421845,0.00100557794308081,0.630765532306084,7.51450497895756,9.34885931352738,10.1535207574804,9.50195097768922,6.10329240048432,5.57565148304375,6.14248305515583,6.41941837375719
"10358617","10358617","Hmcn1","hemicentin 1",-3.42451427849998,8.20678297199204,-5.96555283439303,0.000225979525338309,0.00106225912254481,0.543766110843662,5.59487928958221,6.14048503349256,5.88787276886444,8.35486623902903,9.78448274158424,9.39008781507252,10.5551142639382,9.94647562437319
"10456353","10456353","Grp","gastrin releasing peptide",3.48576736680685,7.65415614213055,5.85218968983095,0.000259548954673492,0.00116935157531306,0.396177815581163,7.42393190460327,9.81631207971306,10.2751683202819,10.0727469975377,5.46355913390819,6.28535033261919,5.57797247777771,6.3182078906034
"10358533","10358533","Hmcn1","hemicentin 1",-3.61024154297635,8.85974696131591,-5.62766690466151,0.000343202321086264,0.00141828239522818,0.0985736715096701,7.56079283314891,6.20029598571306,5.52644371250172,8.93097222794726,10.7641274915307,10.4457827523883,10.6501431005563,10.7994175867411
"10358652","10358652","Hmcn1","hemicentin 1",-3.9187830545596,8.45758971713487,-5.60122704994532,0.000354840665980293,0.00144422100727968,0.0630603859062182,7.33344463821879,6.70247329230317,4.10751666651542,7.84935816238291,10.4140474535041,10.5159500711121,10.4065221405908,10.3314053124517
"10358535","10358535","Hmcn1","hemicentin 1",-3.84532782496306,7.80178308304232,-5.48068555832823,0.000413610833235588,0.00161112475750707,-0.100105117588171,6.59456329176056,4.96695288442896,4.12015374011088,7.83480676594275,9.67343222998533,9.51311396054862,9.89139555840773,9.81984623315374
"10551883","10551883","Tyrobp","TYRO protein tyrosine kinase binding protein",-3.25188302954451,10.2436739370257,-5.35209258687644,0.0004881587873661,0.00179857359270446,-0.276453259121298,6.60365010416499,9.71955790633292,9.54691112492155,8.60081055359428,11.8806888042932,11.874134741362,11.7317618209538,11.9918764405828
"10561187","10561187","Mia","melanoma inhibitory activity",3.12989504236193,9.2252916364692,5.2786033701802,0.00053720819909925,0.00193408006552986,-0.378297212544269,8.77265170957132,11.5508450597291,11.5759297774936,11.2615300838067,7.92128132044442,7.96180336667857,7.53930340825925,7.21898836577068
"10411527","10411527","Cartpt","CART prepropeptide",4.15664142190886,8.91390890398317,4.58542560462338,0.00137688113166088,0.00374513353100783,-1.37699569160653,7.77978161880134,12.2608051745512,12.3736125088635,11.5547191575344,6.78809008486878,6.96800903368289,6.80738591447988,6.7788677390834
"10600707","10600707","Nr0b1","nuclear receptor subfamily 0, group B, member 1",4.81390372789135,7.54946965616085,4.2432280331531,0.00224831519028152,0.00537238541032593,-1.89482398829639,5.86484523565158,11.4821256144952,11.3203815764104,11.158333653869,5.16521389016705,5.07680504001436,5.03446116925762,5.29359106942167
